"date","RSSI","Uptime (seconds)","Mem","Humidity (%)","Temperature (F)","Pressure","ADC0 (v)","0.3um A (particles/dL)","0.3um B (particles/dL)","0.5um A (particles/dL)","0.5um B (particles/dL)","1.0um A (particles/dL)","1.0um B (particles/dL)","2.5um A (particles/dL)","2.5um B (particles/dL)","5.0um A (particles/dL)","5.0um B (particles/dL)","10.0um A (particles/dL)","10.0um B (particles/dL)","PM1.0 A (CF=1) (ug/m3)","PM1.0 B (CF=1) (ug/m3)","PM1.0 A (CF=ATM) (ug/m3)","PM1.0 B (CF=ATM) (ug/m3)","PM2.5 A (CF=1) (ug/m3)","PM2.5 B (CF=1) (ug/m3)","PM2.5 A (CF=ATM) (ug/m3)","PM2.5 B (CF=ATM) (ug/m3)","PM10.0 A (CF=1) (ug/m3)","PM10.0 B (CF=1) (ug/m3)","PM10.0 A (CF=ATM) (ug/m3)","PM10.0 B (CF=ATM) (ug/m3)"
2023-03-30T09:01:59Z,-78,244,15160,58.0,60.0,996.74,0.02,118.37,161.55,78.96,92.28,0.0,0.17,0.0,0.0,0.0,0.0,0.0,0.0,0.0,0.0,0.0,0.0,0.06,0.0,0.06,0.0,0.22,0.11,0.22,0.11
2023-03-30T09:03:59Z,-74,363,15992,58.0,60.0,996.72,0.02,102.23,173.87,76.4,100.46,0.0,0.17,0.0,0.0,0.0,0.0,0.0,0.0,0.0,0.0,0.0,0.0,0.0,0.15,0.0,0.15,0.0,0.37,0.0,0.37
2023-03-30T09:05:59Z,-78,484,15992,58.0,59.0,996.75,0.02,159.89,193.28,98.53,108.3,0.0,1.02,0.0,0.0,0.0,0.0,0.0,0.0,0.0,0.0,0.0,0.0,0.09,0.28,0.09,0.28,0.71,0.7,0.71,0.7
2023-03-30T09:07:59Z,-81,603,15992,58.0,59.0,996.37,0.02,149.13,198.78,82.07,126.24,1.74,0.0,0.0,0.0,0.0,0.0,0.0,0.0,0.0,0.0,0.0,0.0,0.15,0.11,0.15,0.11,0.37,0.72,0.37,0.72
2023-03-30T09:09:59Z,-78,724,15992,58.0,59.0,996.72,0.02,199.87,210.53,129.7,144.11,0.85,1.04,0.0,0.0,0.0,0.0,0.0,0.0,0.0,0.0,0.0,0.0,0.87,0.31,0.87,0.31,1.26,0.71,1.26,0.71
2023-03-30T09:11:59Z,-78,844,15992,58.0,55.0,993.52,0.02,198.6,242.34,130.21,176.32,0.83,1.98,0.0,0.0,0.0,0.0,0.0,0.0,0.0,0.0,0.0,0.0,0.32,0.66,0.32,0.66,0.79,1.52,0.79,1.52
2023-03-30T09:13:59Z,-77,963,15992,59.0,59.0,996.74,0.02,223.69,246.96,178.38,202.64,0.11,0.17,0.0,0.0,0.0,0.0,0.0,0.0,0.0,0.0,0.0,0.0,0.4,1.74,0.4,1.74,1.27,2.34,1.27,2.34
2023-03-30T09:15:59Z,-78,1083,15928,59.0,59.0,996.8,0.02,225.4,242.62,173.53,181.42,3.47,2.0,0.0,0.0,0.0,0.0,0.0,0.0,0.0,0.0,0.0,0.0,0.6,0.94,0.6,0.94,1.87,2.12,1.87,2.12
2023-03-30T09:17:59Z,-77,1203,15928,60.0,59.0,996.77,0.02,232.89,273.8,172.61,209.38,4.65,8.07,0.0,0.0,0.0,0.0,0.0,0.0,0.0,0.36,0.0,0.36,1.0,1.51,1.0,1.51,1.41,2.33,1.41,2.33
2023-03-30T09:19:59Z,-78,1324,15928,60.0,59.0,996.73,0.02,328.53,361.71,255.53,274.84,12.68,18.56,0.0,0.0,0.0,0.0,0.0,0.0,0.77,0.47,0.77,0.47,3.09,3.87,3.09,3.87,3.87,4.49,3.87,4.49
2023-03-30T09:23:59Z,-77,1563,15792,60.0,59.0,996.46,0.02,538.57,613.41,408.64,425.24,14.3,17.33,0.0,0.0,0.0,0.0,0.0,0.0,3.32,3.8,3.32,3.8,5.93,6.35,5.93,6.35,6.82,7.24,6.82,7.24
2023-03-30T09:25:59Z,-78,1684,15624,60.0,59.0,996.77,0.02,204.6,238.02,155.79,186.0,2.26,2.0,0.0,0.0,0.0,0.0,0.0,0.0,0.0,0.0,0.0,0.0,0.21,0.68,0.21,0.68,0.89,1.21,0.89,1.21
2023-03-30T09:27:59Z,-77,1803,15624,60.0,60.0,996.76,0.02,219.91,236.41,167.55,178.61,0.83,1.5,0.0,0.0,0.0,0.0,0.0,0.0,0.0,0.0,0.0,0.0,1.11,0.18,1.11,0.18,1.6,1.02,1.6,1.02
2023-03-30T09:29:59Z,-77,1924,15624,59.0,60.0,996.71,0.02,211.11,221.09,171.27,157.64,4.33,0.6,0.0,0.0,0.0,0.0,0.0,0.0,0.0,0.0,0.0,0.0,0.89,0.15,0.89,0.15,1.13,0.57,1.13,0.57
2023-03-30T09:31:59Z,-76,2043,15624,58.0,60.0,996.66,0.02,201.07,229.62,133.73,186.26,0.0,1.53,0.0,0.0,0.0,0.0,0.0,0.0,0.0,0.0,0.0,0.0,0.02,0.57,0.02,0.57,0.64,1.89,0.64,1.89
2023-03-30T09:33:59Z,-80,2164,15624,59.0,60.0,996.76,0.02,213.78,237.7,166.85,185.61,4.35,7.04,0.0,0.0,0.0,0.0,0.0,0.0,0.0,0.0,0.0,0.0,1.26,1.5,1.26,1.5,2.09,2.74,2.09,2.74
2023-03-30T09:35:59Z,-81,2283,15624,58.0,61.0,996.77,0.02,197.76,231.4,123.96,183.33,1.17,5.29,0.0,0.0,0.0,0.0,0.0,0.0,0.0,0.0,0.0,0.0,0.41,0.78,0.41,0.78,0.83,1.87,0.83,1.87
2023-03-30T09:37:59Z,-77,2403,15624,58.0,61.0,996.71,0.02,258.07,302.87,199.65,223.3,0.35,0.17,0.0,0.0,0.0,0.0,0.0,0.0,0.0,0.0,0.0,0.0,0.43,1.3,0.43,1.3,1.04,2.17,1.04,2.17
2023-03-30T09:39:59Z,-77,2523,15624,57.0,61.0,996.77,0.02,354.66,351.3,271.05,267.91,13.52,14.61,0.0,0.0,0.0,0.0,0.0,0.0,0.36,0.52,0.36,0.52,3.23,2.74,3.23,2.74,4.3,3.46,4.3,3.46
2023-03-30T09:41:59Z,-78,2643,15928,57.0,62.0,996.83,0.02,284.83,316.21,225.52,238.79,7.5,15.42,0.0,0.0,0.0,0.0,0.0,0.0,0.11,0.38,0.11,0.38,1.87,3.08,1.87,3.08,2.3,3.4,2.3,3.4
2023-03-30T09:43:59Z,-79,2764,15928,56.0,62.0,996.74,0.02,264.0,297.45,209.63,229.09,6.11,4.05,0.0,0.0,0.0,0.0,0.0,0.0,0.26,0.52,0.26,0.52,1.61,1.52,1.61,1.52,2.22,2.34,2.22,2.34
2023-03-30T09:45:59Z,-78,2884,15928,56.0,62.0,996.8,0.02,276.47,326.6,212.51,248.96,5.62,1.02,0.0,0.0,0.0,0.0,0.0,0.0,0.34,0.57,0.34,0.57,1.57,2.81,1.57,2.81,2.02,3.36,2.02,3.36
2023-03-30T09:47:59Z,-80,3003,15928,55.0,62.0,996.75,0.02,292.42,353.64,226.98,281.66,0.13,10.83,0.0,0.0,0.0,0.0,0.0,0.0,0.0,0.23,0.0,0.23,2.84,3.89,2.84,3.89,3.29,4.72,3.29,4.72
2023-03-30T09:49:59Z,-78,3123,15928,55.0,62.0,996.87,0.02,320.22,381.87,255.89,296.17,17.87,22.46,0.0,0.0,0.0,0.0,0.0,0.0,0.18,0.5,0.18,0.5,3.69,3.85,3.69,3.85,4.13,5.04,4.13,5.04
2023-03-30T09:51:59Z,-78,3243,15928,55.0,61.0,996.88,0.02,326.11,388.51,256.02,308.09,15.11,19.42,0.0,0.0,0.0,0.0,0.0,0.0,0.5,1.6,0.5,1.6,3.3,4.09,3.3,4.09,3.63,4.78,3.63,4.78
2023-03-30T09:53:59Z,-78,3364,15928,54.0,61.0,996.9,0.02,337.83,391.74,270.26,306.48,14.43,23.11,0.0,0.0,0.0,0.0,0.0,0.0,0.17,0.87,0.17,0.87,3.06,4.48,3.06,4.48,3.34,4.76,3.34,4.76
2023-03-30T09:55:59Z,-77,3483,15928,54.0,61.0,996.98,0.02,319.83,389.02,249.76,301.54,14.57,12.85,0.0,0.0,0.0,0.0,0.0,0.0,0.41,0.98,0.41,0.98,3.0,3.83,3.0,3.83,3.28,4.87,3.28,4.87
2023-03-30T09:57:59Z,-80,3604,15928,54.0,61.0,996.88,0.02,332.09,361.7,262.96,288.85,15.16,16.64,0.0,0.0,0.0,0.0,0.0,0.0,0.2,0.06,0.2,0.06,3.36,3.51,3.36,3.51,3.82,4.47,3.82,4.47
2023-03-30T09:59:59Z,-82,3723,15928,54.0,58.0,995.04,0.02,319.07,376.87,251.8,297.4,4.09,23.82,0.0,0.0,0.0,0.0,0.0,0.0,0.09,1.4,0.09,1.4,3.04,3.76,3.04,3.76,3.87,4.89,3.87,4.89
2023-03-30T10:02:00Z,-79,3844,15760,55.0,61.0,996.91,0.02,381.53,435.52,295.96,338.59,20.72,27.46,0.0,0.0,0.0,0.0,0.0,0.0,1.09,1.61,1.09,1.61,4.19,5.28,4.19,5.28,4.87,5.78,4.87,5.78
2023-03-30T10:04:00Z,-81,3964,15760,55.0,61.0,996.94,0.02,397.96,461.8,303.93,355.3,18.04,37.04,0.0,0.0,0.0,0.0,0.0,0.0,1.93,2.04,1.93,2.04,4.53,5.96,4.53,5.96,4.93,7.89,4.93,7.89
2023-03-30T10:07:59Z,-79,4204,15624,55.0,61.0,996.99,0.02,370.32,438.6,293.49,348.29,24.77,31.42,0.0,0.0,0.0,0.0,0.0,0.0,1.49,2.04,1.49,2.04,4.43,5.42,4.43,5.42,4.64,6.24,4.64,6.24
2023-03-30T10:09:59Z,-79,4324,15456,55.0,61.0,997.0,0.02,371.59,411.31,296.36,323.5,21.75,25.1,0.0,0.0,0.0,0.0,0.0,0.0,0.55,0.96,0.55,0.96,4.07,4.83,4.07,4.83,5.05,5.83,5.05,5.83
2023-03-30T10:12:02Z,-79,4446,15624,55.0,61.0,997.04,0.02,355.78,427.22,286.35,327.37,16.93,29.8,0.0,0.0,0.0,0.0,0.0,0.0,0.72,1.04,0.72,1.04,3.59,5.0,3.59,5.0,4.48,5.72,4.48,5.72
2023-03-30T10:15:59Z,-77,4684,15320,55.0,61.0,997.02,0.02,349.53,423.04,287.43,321.35,19.0,28.57,0.0,0.0,0.0,0.0,0.0,0.0,0.51,2.17,0.51,2.17,3.89,4.85,3.89,4.85,4.49,5.65,4.49,5.65
2023-03-30T10:17:59Z,-79,4804,15152,55.0,61.0,997.04,0.02,354.87,389.91,270.76,303.93,14.42,10.87,0.0,0.0,0.0,0.0,0.0,0.0,0.29,1.17,0.29,1.17,3.91,4.46,3.91,4.46,4.51,4.96,4.51,4.96
2023-03-30T10:19:59Z,-81,4924,15152,55.0,60.0,997.0,0.02,325.87,378.66,255.38,296.85,16.98,23.43,0.0,0.0,0.0,0.0,0.0,0.0,0.02,1.34,0.02,1.34,2.84,3.98,2.84,3.98,3.0,4.64,3.0,4.64
2023-03-30T10:22:00Z,-78,5044,15152,55.0,60.0,997.03,0.02,321.32,375.48,255.96,298.04,8.13,15.3,0.0,0.0,0.0,0.0,0.0,0.0,0.28,1.15,0.28,1.15,3.26,3.91,3.26,3.91,3.43,4.57,3.43,4.57
2023-03-30T10:23:59Z,-79,5164,15152,55.0,60.0,997.05,0.02,288.15,353.18,220.64,277.41,9.96,18.45,0.0,0.0,0.0,0.0,0.0,0.0,0.06,0.11,0.06,0.11,2.36,3.84,2.36,3.84,3.09,4.84,3.09,4.84
2023-03-30T10:26:00Z,-80,5284,15456,55.0,61.0,997.02,0.02,304.58,330.3,239.47,251.91,4.07,9.02,0.0,0.0,0.0,0.0,0.0,0.0,0.0,0.23,0.0,0.23,2.64,2.34,2.64,2.34,3.29,3.11,3.29,3.11
2023-03-30T10:27:59Z,-78,5404,15456,55.0,61.0,997.07,0.02,294.71,320.63,230.56,242.89,6.49,9.96,0.0,0.0,0.0,0.0,0.0,0.0,0.53,0.0,0.53,0.0,2.93,2.89,2.93,2.89,2.93,3.67,2.93,3.67
2023-03-30T10:29:59Z,-78,5524,15456,55.0,61.0,997.13,0.02,294.4,338.34,225.58,268.02,1.47,16.45,0.0,0.0,0.0,0.0,0.0,0.0,0.11,0.13,0.11,0.13,1.84,2.91,1.84,2.91,2.07,3.89,2.07,3.89
2023-03-30T10:33:59Z,-78,5764,15624,55.0,61.0,997.14,0.02,248.87,282.72,199.13,218.32,1.5,3.11,0.0,0.0,0.0,0.0,0.0,0.0,0.0,0.0,0.0,0.0,1.33,1.77,1.33,1.77,1.39,2.4,1.39,2.4
2023-03-30T10:37:59Z,-81,6004,15320,54.0,62.0,997.04,0.02,107.02,136.71,66.38,80.44,0.17,0.08,0.0,0.0,0.0,0.0,0.0,0.0,0.0,0.0,0.0,0.0,0.0,0.0,0.0,0.0,0.0,0.19,0.0,0.19
2023-03-30T10:39:59Z,-74,6124,15152,54.0,62.0,997.09,0.02,83.02,90.77,48.09,61.05,0.0,0.0,0.0,0.0,0.0,0.0,0.0,0.0,0.0,0.0,0.0,0.0,0.0,0.0,0.0,0.0,0.0,0.0,0.0,0.0
2023-03-30T10:41:59Z,-78,6244,15152,54.0,62.0,997.13,0.02,59.46,78.13,45.02,55.0,0.02,0.09,0.0,0.0,0.0,0.0,0.0,0.0,0.0,0.0,0.0,0.0,0.0,0.0,0.0,0.0,0.0,0.04,0.0,0.04
2023-03-30T10:43:59Z,-79,6364,15152,54.0,63.0,997.12,0.02,59.18,69.06,36.55,47.71,0.3,0.0,0.0,0.0,0.0,0.0,0.0,0.0,0.0,0.0,0.0,0.0,0.0,0.0,0.0,0.0,0.0,0.15,0.0,0.15
2023-03-30T10:46:00Z,-77,6484,15152,53.0,63.0,997.14,0.02,62.89,81.62,43.41,56.06,0.0,0.09,0.0,0.0,0.0,0.0,0.0,0.0,0.0,0.0,0.0,0.0,0.0,0.0,0.0,0.0,0.0,0.0,0.0,0.0
2023-03-30T10:47:59Z,-77,6604,15152,53.0,63.0,997.06,0.02,45.23,60.78,27.68,34.72,0.0,0.0,0.0,0.0,0.0,0.0,0.0,0.0,0.0,0.0,0.0,0.0,0.0,0.0,0.0,0.0,0.0,0.0,0.0,0.0
2023-03-30T10:51:59Z,-79,6844,15016,53.0,63.0,997.1,0.02,58.29,66.87,35.73,36.13,0.0,0.0,0.0,0.0,0.0,0.0,0.0,0.0,0.0,0.0,0.0,0.0,0.0,0.0,0.0,0.0,0.0,0.0,0.0,0.0
2023-03-30T10:53:59Z,-78,6964,14848,53.0,63.0,997.0,0.02,56.42,68.79,36.67,44.23,0.0,0.0,0.0,0.0,0.0,0.0,0.0,0.0,0.0,0.0,0.0,0.0,0.0,0.0,0.0,0.0,0.0,0.15,0.0,0.15
2023-03-30T10:56:00Z,-79,7084,14848,53.0,63.0,997.03,0.02,53.89,62.64,35.61,41.2,0.0,0.0,0.0,0.0,0.0,0.0,0.0,0.0,0.0,0.0,0.0,0.0,0.0,0.02,0.0,0.02,0.0,0.02,0.0,0.02
2023-03-30T10:57:59Z,-82,7204,15152,52.0,63.0,996.96,0.02,54.0,63.04,27.04,42.78,0.0,0.0,0.0,0.0,0.0,0.0,0.0,0.0,0.0,0.0,0.0,0.0,0.0,0.0,0.0,0.0,0.0,0.0,0.0,0.0
2023-03-30T10:59:59Z,-78,7324,15152,52.0,63.0,996.87,0.02,58.3,63.15,37.48,39.7,0.0,0.0,0.0,0.0,0.0,0.0,0.0,0.0,0.0,0.0,0.0,0.0,0.0,0.0,0.0,0.0,0.0,0.0,0.0,0.0
2023-03-30T11:04:00Z,-78,7564,15488,52.0,63.0,997.03,0.02,64.35,78.37,37.0,50.33,0.0,0.0,0.0,0.0,0.0,0.0,0.0,0.0,0.0,0.0,0.0,0.0,0.0,0.0,0.0,0.0,0.04,0.0,0.04,0.0
2023-03-30T11:07:59Z,-78,7804,15184,53.0,62.0,997.09,0.02,64.02,75.51,42.52,51.87,0.0,0.34,0.0,0.0,0.0,0.0,0.0,0.0,0.0,0.0,0.0,0.0,0.02,0.0,0.02,0.0,0.06,0.09,0.06,0.09
2023-03-30T11:10:00Z,-80,7924,15320,53.0,62.0,997.13,0.02,71.53,75.98,46.91,49.85,0.0,0.17,0.0,0.0,0.0,0.0,0.0,0.0,0.0,0.0,0.0,0.0,0.0,0.0,0.0,0.0,0.0,0.0,0.0,0.0
2023-03-30T11:11:59Z,-79,8044,15320,54.0,62.0,997.08,0.02,54.9,73.09,34.44,52.04,0.0,0.0,0.0,0.0,0.0,0.0,0.0,0.0,0.0,0.0,0.0,0.0,0.0,0.0,0.0,0.0,0.0,0.0,0.0,0.0
2023-03-30T11:14:00Z,-77,8164,15320,54.0,61.0,997.16,0.02,52.4,72.68,33.55,52.2,0.0,0.0,0.0,0.0,0.0,0.0,0.0,0.0,0.0,0.0,0.0,0.0,0.0,0.0,0.0,0.0,0.0,0.0,0.0,0.0
2023-03-30T11:15:59Z,-79,8284,15320,55.0,61.0,997.27,0.02,46.39,74.47,19.63,46.28,0.0,0.0,0.0,0.0,0.0,0.0,0.0,0.0,0.0,0.0,0.0,0.0,0.0,0.0,0.0,0.0,0.0,0.0,0.0,0.0
2023-03-30T11:18:00Z,-79,8404,15152,56.0,61.0,997.22,0.02,55.39,73.83,31.07,49.98,0.0,0.24,0.0,0.0,0.0,0.0,0.0,0.0,0.0,0.0,0.0,0.0,0.0,0.0,0.0,0.0,0.0,0.0,0.0,0.0
2023-03-30T11:20:00Z,-81,8524,15152,56.0,61.0,997.24,0.02,55.4,77.55,32.53,52.36,0.17,0.0,0.0,0.0,0.0,0.0,0.0,0.0,0.0,0.0,0.0,0.0,0.0,0.0,0.0,0.0,0.0,0.0,0.0,0.0
2023-03-30T11:22:00Z,-78,8644,15152,57.0,61.0,997.24,0.02,82.8,84.7,58.89,64.24,2.04,2.43,0.0,0.0,0.0,0.0,0.0,0.0,0.0,0.0,0.0,0.0,0.26,0.2,0.26,0.2,0.54,0.5,0.54,0.5
2023-03-30T11:24:00Z,-80,8764,15152,57.0,61.0,997.12,0.02,160.33,193.15,115.44,132.34,1.53,6.51,0.0,0.0,0.0,0.0,0.0,0.0,0.0,0.0,0.0,0.0,0.47,0.7,0.47,0.7,0.91,1.7,0.91,1.7
2023-03-30T11:26:00Z,-78,8884,15152,57.0,62.0,997.06,0.02,67.66,93.87,44.45,66.93,0.0,0.0,0.0,0.0,0.0,0.0,0.0,0.0,0.0,0.0,0.0,0.0,0.0,0.0,0.0,0.0,0.0,0.0,0.0,0.0
2023-03-30T11:28:00Z,-79,9004,15152,57.0,62.0,997.09,0.02,79.06,93.49,57.17,58.33,0.0,0.44,0.0,0.0,0.0,0.0,0.0,0.0,0.0,0.0,0.0,0.0,0.0,0.0,0.0,0.0,0.0,0.0,0.0,0.0
2023-03-30T11:30:01Z,-77,9125,15456,57.0,62.0,997.07,0.02,90.2,120.0,68.16,68.74,0.0,0.0,0.0,0.0,0.0,0.0,0.0,0.0,0.0,0.0,0.0,0.0,0.0,0.0,0.0,0.0,0.07,0.0,0.07,0.0
2023-03-30T11:32:00Z,-78,9244,15760,56.0,62.0,997.05,0.02,66.44,76.53,43.64,51.77,0.0,0.0,0.0,0.0,0.0,0.0,0.0,0.0,0.0,0.0,0.0,0.0,0.0,0.0,0.0,0.0,0.0,0.0,0.0,0.0
2023-03-30T11:34:00Z,-78,9364,15760,56.0,62.0,996.79,0.02,57.02,80.3,20.65,62.74,0.26,0.17,0.0,0.0,0.0,0.0,0.0,0.0,0.0,0.0,0.0,0.0,0.0,0.0,0.0,0.0,0.0,0.13,0.0,0.13
2023-03-30T11:36:00Z,-79,9484,15760,55.0,63.0,996.97,0.02,71.13,94.48,47.63,60.74,0.0,0.0,0.0,0.0,0.0,0.0,0.0,0.0,0.0,0.0,0.0,0.0,0.0,0.0,0.0,0.0,0.0,0.02,0.0,0.02
2023-03-30T11:38:00Z,-78,9605,15760,55.0,63.0,996.97,0.02,53.8,64.59,36.17,45.76,0.35,0.0,0.0,0.0,0.0,0.0,0.0,0.0,0.0,0.0,0.0,0.0,0.0,0.0,0.0,0.0,0.0,0.0,0.0,0.0
2023-03-30T11:40:00Z,-76,9724,15760,55.0,63.0,996.9,0.02,73.8,99.37,52.16,59.15,0.0,0.0,0.0,0.0,0.0,0.0,0.0,0.0,0.0,0.0,0.0,0.0,0.0,0.02,0.0,0.02,0.0,0.02,0.0,0.02
2023-03-30T11:42:00Z,-78,9844,15760,54.0,63.0,996.95,0.02,56.91,72.21,31.15,45.89,0.0,0.0,0.0,0.0,0.0,0.0,0.0,0.0,0.0,0.0,0.0,0.0,0.0,0.0,0.0,0.0,0.0,0.0,0.0,0.0
2023-03-30T11:48:00Z,-82,10204,15928,53.0,64.0,996.85,0.02,48.49,53.77,29.13,28.71,0.0,0.0,0.0,0.0,0.0,0.0,0.0,0.0,0.0,0.0,0.0,0.0,0.0,0.0,0.0,0.0,0.04,0.0,0.04,0.0
2023-03-30T11:50:00Z,-81,10324,15760,53.0,64.0,996.87,0.02,24.76,42.67,16.8,21.41,0.0,0.0,0.0,0.0,0.0,0.0,0.0,0.0,0.0,0.0,0.0,0.0,0.0,0.0,0.0,0.0,0.0,0.0,0.0,0.0
2023-03-30T11:52:00Z,-79,10444,15760,53.0,64.0,996.87,0.02,72.43,105.09,45.06,56.98,0.6,0.09,0.0,0.0,0.0,0.0,0.0,0.0,0.0,0.0,0.0,0.0,0.0,0.0,0.0,0.0,0.0,0.18,0.0,0.18
2023-03-30T11:54:00Z,-80,10565,15760,52.0,64.0,996.89,0.02,34.65,32.89,12.89,9.13,0.0,0.0,0.0,0.0,0.0,0.0,0.0,0.0,0.0,0.0,0.0,0.0,0.0,0.0,0.0,0.0,0.0,0.0,0.0,0.0
2023-03-30T11:56:00Z,-79,10684,15760,51.0,63.0,996.1,0.02,81.5,93.74,51.24,53.5,0.11,0.0,0.0,0.0,0.0,0.0,0.0,0.0,0.0,0.0,0.0,0.0,0.0,0.0,0.0,0.0,0.0,0.0,0.0,0.0
2023-03-30T11:58:00Z,-77,10804,15760,51.0,64.0,996.86,0.02,58.58,100.38,35.09,66.53,1.64,5.38,0.0,0.0,0.0,0.0,0.0,0.0,0.02,0.4,0.02,0.4,0.13,0.74,0.13,0.74,0.13,1.0,0.13,1.0
2023-03-30T12:04:00Z,-79,11165,15928,50.0,64.0,996.92,0.02,211.69,243.46,156.24,179.12,23.04,30.83,0.0,0.0,0.0,0.0,0.0,0.0,0.44,0.42,0.44,0.42,3.22,3.02,3.22,3.02,4.07,5.29,4.07,5.29
2023-03-30T12:06:00Z,-78,11284,15760,50.0,63.0,996.97,0.02,78.48,114.59,62.63,66.89,0.0,0.0,0.0,0.0,0.0,0.0,0.0,0.0,0.0,0.0,0.0,0.0,0.0,0.0,0.0,0.0,0.0,0.0,0.0,0.0
2023-03-30T12:10:00Z,-79,11524,15928,50.0,64.0,996.95,0.02,75.09,97.71,48.98,64.8,0.0,0.0,0.0,0.0,0.0,0.0,0.0,0.0,0.0,0.0,0.0,0.0,0.0,0.0,0.0,0.0,0.0,0.0,0.0,0.0
2023-03-30T12:12:00Z,-77,11644,15760,50.0,64.0,996.95,0.02,81.18,122.55,62.67,79.57,0.0,0.0,0.0,0.0,0.0,0.0,0.0,0.0,0.0,0.0,0.0,0.0,0.0,0.0,0.0,0.0,0.09,0.0,0.09,0.0
2023-03-30T12:14:00Z,-78,11764,15760,50.0,64.0,996.91,0.02,87.23,131.57,63.07,84.57,0.0,0.0,0.0,0.0,0.0,0.0,0.0,0.0,0.0,0.0,0.0,0.0,0.0,0.0,0.0,0.0,0.0,0.02,0.0,0.02
2023-03-30T12:16:00Z,-82,11885,15760,51.0,63.0,996.89,0.02,92.91,118.77,68.41,78.27,0.26,0.0,0.0,0.0,0.0,0.0,0.0,0.0,0.0,0.0,0.0,0.0,0.0,0.0,0.0,0.0,0.02,0.0,0.02,0.0
2023-03-30T12:18:01Z,-77,12005,15760,51.0,64.0,996.94,0.02,108.33,140.39,74.28,90.41,0.0,0.64,0.0,0.0,0.0,0.0,0.0,0.0,0.0,0.0,0.0,0.0,0.0,0.09,0.0,0.09,0.0,0.32,0.0,0.32
2023-03-30T12:20:00Z,-78,12125,15760,51.0,64.0,996.96,0.02,171.66,191.79,97.59,110.71,0.36,0.0,0.0,0.0,0.0,0.0,0.0,0.0,0.0,0.0,0.0,0.0,0.0,0.02,0.0,0.02,0.0,0.02,0.0,0.02
2023-03-30T12:22:00Z,-80,12245,15760,51.0,63.0,997.01,0.02,132.35,172.34,87.02,93.86,0.17,1.09,0.0,0.0,0.0,0.0,0.0,0.0,0.0,0.0,0.0,0.0,0.06,0.0,0.06,0.0,0.06,0.0,0.06,0.0
2023-03-30T12:24:01Z,-80,12365,15760,51.0,63.0,996.96,0.02,128.4,171.33,78.15,99.0,0.55,0.0,0.0,0.0,0.0,0.0,0.0,0.0,0.0,0.0,0.0,0.0,0.06,0.04,0.06,0.04,0.15,0.13,0.15,0.13
2023-03-30T12:26:01Z,-78,12485,15760,52.0,63.0,997.04,0.02,116.41,173.41,78.09,99.5,0.14,0.09,0.0,0.0,0.0,0.0,0.0,0.0,0.0,0.0,0.0,0.0,0.0,0.24,0.0,0.24,0.0,0.46,0.0,0.46
2023-03-30T12:28:01Z,-84,12605,15760,52.0,63.0,997.04,0.02,126.07,182.19,88.33,109.15,1.36,0.0,0.0,0.0,0.0,0.0,0.0,0.0,0.0,0.0,0.0,0.0,0.0,0.09,0.0,0.09,0.09,0.28,0.09,0.28
2023-03-30T12:30:01Z,-78,12725,15760,52.0,63.0,996.22,0.02,142.3,190.46,85.28,110.89,0.93,0.09,0.0,0.0,0.0,0.0,0.0,0.0,0.0,0.0,0.0,0.0,0.04,0.09,0.04,0.09,0.26,0.3,0.26,0.3
2023-03-30T12:32:01Z,-79,12845,15760,52.0,63.0,996.98,0.02,121.68,187.58,80.09,105.16,0.0,0.09,0.0,0.0,0.0,0.0,0.0,0.0,0.0,0.0,0.0,0.0,0.0,0.0,0.0,0.0,0.0,0.69,0.0,0.69
2023-03-30T12:36:01Z,-82,13085,15624,53.0,63.0,996.98,0.02,132.34,200.35,84.84,127.33,0.0,1.19,0.0,0.0,0.0,0.0,0.0,0.0,0.0,0.0,0.0,0.0,0.2,0.31,0.2,0.31,0.27,0.5,0.27,0.5
2023-03-30T12:38:01Z,-79,13205,15456,52.0,64.0,996.96,0.02,210.48,244.81,145.13,172.83,2.39,6.68,0.0,0.0,0.0,0.0,0.0,0.0,0.0,0.0,0.0,0.0,0.72,0.96,0.72,0.96,1.33,1.45,1.33,1.45
2023-03-30T12:44:01Z,-80,13565,15624,51.0,64.0,996.91,0.02,86.02,111.51,58.33,73.47,0.0,0.0,0.0,0.0,0.0,0.0,0.0,0.0,0.0,0.0,0.0,0.0,0.0,0.0,0.0,0.0,0.0,0.0,0.0,0.0
2023-03-30T12:48:01Z,-77,13805,15320,51.0,64.0,996.88,0.02,105.2,138.49,71.04,82.0,0.0,0.36,0.0,0.0,0.0,0.0,0.0,0.0,0.0,0.0,0.0,0.0,0.0,0.09,0.0,0.09,0.17,0.09,0.17,0.09
2023-03-30T12:50:01Z,-78,13925,15152,50.0,64.0,996.88,0.02,93.92,115.82,50.92,64.66,0.0,0.0,0.0,0.0,0.0,0.0,0.0,0.0,0.0,0.0,0.0,0.0,0.15,0.0,0.15,0.0,0.19,0.0,0.19,0.0
2023-03-30T12:52:01Z,-78,14045,15152,50.0,64.0,996.97,0.02,68.34,96.88,45.57,64.94,0.0,0.17,0.0,0.0,0.0,0.0,0.0,0.0,0.0,0.0,0.0,0.0,0.0,0.0,0.0,0.0,0.0,0.0,0.0,0.0
2023-03-30T12:54:01Z,-78,14165,15152,50.0,64.0,996.89,0.02,136.38,165.02,85.4,104.65,0.09,0.52,0.0,0.0,0.0,0.0,0.0,0.0,0.0,0.0,0.0,0.0,0.13,0.0,0.13,0.0,0.16,0.3,0.16,0.3
2023-03-30T12:56:01Z,-78,14285,15152,49.0,63.0,996.32,0.02,75.43,84.84,47.85,60.42,0.04,0.0,0.0,0.0,0.0,0.0,0.0,0.0,0.0,0.0,0.0,0.0,0.0,0.0,0.0,0.0,0.11,0.13,0.11,0.13
2023-03-30T13:02:03Z,-79,14647,15624,49.0,65.0,996.97,0.02,93.64,122.32,62.43,75.47,0.0,0.0,0.0,0.0,0.0,0.0,0.0,0.0,0.0,0.0,0.0,0.0,0.0,0.0,0.0,0.0,0.07,0.06,0.07,0.06
2023-03-30T13:04:01Z,-80,14765,15456,49.0,64.0,996.51,0.02,83.09,100.37,57.15,61.35,0.0,0.0,0.0,0.0,0.0,0.0,0.0,0.0,0.0,0.0,0.0,0.0,0.0,0.0,0.0,0.0,0.0,0.0,0.0,0.0
2023-03-30T13:06:01Z,-81,14885,15760,49.0,65.0,996.79,0.02,56.4,65.34,34.46,42.84,0.08,0.0,0.0,0.0,0.0,0.0,0.0,0.0,0.0,0.0,0.0,0.0,0.0,0.0,0.0,0.0,0.0,0.0,0.0,0.0
2023-03-30T13:08:01Z,-78,15005,15760,49.0,65.0,996.99,0.02,160.38,163.77,116.44,118.17,10.62,8.57,0.0,0.0,0.0,0.0,0.0,0.0,0.07,0.0,0.07,0.0,1.31,1.34,1.31,1.34,2.96,2.68,2.96,2.68
2023-03-30T13:10:01Z,-80,15125,15760,48.0,65.0,996.99,0.02,70.82,87.56,44.59,58.69,0.0,0.0,0.0,0.0,0.0,0.0,0.0,0.0,0.0,0.0,0.0,0.0,0.0,0.15,0.0,0.15,0.0,0.38,0.0,0.38
2023-03-30T13:12:01Z,-81,15246,15760,48.0,65.0,996.89,0.02,72.62,85.02,41.38,45.61,0.0,1.13,0.0,0.0,0.0,0.0,0.0,0.0,0.0,0.0,0.0,0.0,0.06,0.04,0.06,0.04,0.06,0.35,0.06,0.35
2023-03-30T13:14:01Z,-77,15365,15760,48.0,65.0,996.89,0.02,14.64,23.48,7.57,11.3,0.0,0.0,0.0,0.0,0.0,0.0,0.0,0.0,0.0,0.0,0.0,0.0,0.0,0.0,0.0,0.0,0.0,0.0,0.0,0.0
2023-03-30T13:16:01Z,-78,15485,15760,47.0,65.0,996.92,0.02,11.2,9.98,7.17,4.57,0.09,0.0,0.0,0.0,0.0,0.0,0.0,0.0,0.0,0.0,0.0,0.0,0.0,0.0,0.0,0.0,0.0,0.0,0.0,0.0
2023-03-30T13:18:01Z,-81,15605,15760,48.0,65.0,996.93,0.02,0.0,4.21,0.0,2.43,0.0,0.0,0.0,0.0,0.0,0.0,0.0,0.0,0.0,0.0,0.0,0.0,0.0,0.0,0.0,0.0,0.0,0.0,0.0,0.0
2023-03-30T13:20:01Z,-80,15725,15760,48.0,65.0,997.07,0.02,39.57,55.52,27.79,39.43,1.11,6.95,0.0,0.0,0.0,0.0,0.0,0.0,0.0,0.09,0.0,0.09,0.0,0.48,0.0,0.48,0.36,1.0,0.36,1.0
2023-03-30T13:22:01Z,-78,15846,15760,48.0,65.0,996.95,0.02,18.05,16.04,4.39,4.65,0.09,0.0,0.0,0.0,0.0,0.0,0.0,0.0,0.0,0.0,0.0,0.0,0.0,0.0,0.0,0.0,0.0,0.0,0.0,0.0
2023-03-30T13:24:02Z,-78,15966,15760,48.0,65.0,996.93,0.02,6.47,10.11,3.58,4.72,0.0,0.0,0.0,0.0,0.0,0.0,0.0,0.0,0.0,0.0,0.0,0.0,0.0,0.0,0.0,0.0,0.0,0.0,0.0,0.0
2023-03-30T13:26:01Z,-82,16085,15760,48.0,65.0,996.88,0.02,6.23,17.56,1.43,5.84,0.0,0.0,0.0,0.0,0.0,0.0,0.0,0.0,0.0,0.0,0.0,0.0,0.0,0.0,0.0,0.0,0.0,0.0,0.0,0.0
2023-03-30T13:28:02Z,-80,16206,15760,48.0,65.0,996.9,0.02,3.89,28.09,0.63,17.33,0.0,0.0,0.0,0.0,0.0,0.0,0.0,0.0,0.0,0.0,0.0,0.0,0.0,0.0,0.0,0.0,0.0,0.0,0.0,0.0
2023-03-30T13:34:01Z,-80,16565,15928,48.0,65.0,996.82,0.02,14.33,26.3,3.39,10.68,0.09,0.0,0.0,0.0,0.0,0.0,0.0,0.0,0.0,0.0,0.0,0.0,0.0,0.0,0.0,0.0,0.0,0.0,0.0,0.0
2023-03-30T13:36:01Z,-78,16685,15760,48.0,65.0,996.94,0.02,14.52,23.73,8.98,7.45,0.0,0.0,0.0,0.0,0.0,0.0,0.0,0.0,0.0,0.0,0.0,0.0,0.0,0.0,0.0,0.0,0.0,0.0,0.0,0.0
2023-03-30T13:38:01Z,-79,16805,15760,48.0,65.0,996.85,0.02,40.19,52.47,19.02,34.66,0.81,0.0,0.0,0.0,0.0,0.0,0.0,0.0,0.0,0.0,0.0,0.0,0.0,0.0,0.0,0.0,0.0,0.09,0.0,0.09
2023-03-30T13:40:01Z,-80,16925,15760,48.0,65.0,996.98,0.02,65.93,72.53,44.07,50.15,0.0,0.09,0.0,0.0,0.0,0.0,0.0,0.0,0.0,0.0,0.0,0.0,0.0,0.0,0.0,0.0,0.0,0.0,0.0,0.0
2023-03-30T13:42:01Z,-80,17045,15760,48.0,65.0,996.92,0.02,71.8,74.81,47.96,48.17,0.62,0.0,0.0,0.0,0.0,0.0,0.0,0.0,0.0,0.0,0.0,0.0,0.0,0.0,0.0,0.0,0.0,0.0,0.0,0.0
2023-03-30T13:44:01Z,-79,17165,15760,48.0,65.0,996.98,0.02,174.57,183.27,127.77,135.61,3.32,2.73,0.0,0.0,0.0,0.0,0.0,0.0,0.26,0.0,0.26,0.0,0.68,0.64,0.68,0.64,0.94,1.05,0.94,1.05
2023-03-30T13:46:02Z,-83,17286,15760,49.0,65.0,996.93,0.02,113.22,155.57,74.91,100.57,1.67,2.09,0.0,0.0,0.0,0.0,0.0,0.0,0.0,0.0,0.0,0.0,0.11,0.26,0.11,0.26,0.15,1.3,0.15,1.3
2023-03-30T13:48:01Z,-78,17405,15760,49.0,64.0,996.96,0.02,518.91,601.26,415.89,469.57,72.91,97.04,0.0,0.0,0.0,0.0,0.0,0.0,3.73,5.4,3.73,5.4,11.45,13.96,11.45,13.96,13.23,17.66,13.23,17.66
2023-03-30T13:50:01Z,-79,17525,15760,50.0,64.0,996.93,0.02,809.94,925.79,655.74,733.02,114.28,145.94,0.0,0.0,0.0,0.0,0.0,0.0,7.62,10.1,7.62,10.1,20.23,23.19,20.23,23.19,23.57,25.69,23.57,25.69
2023-03-30T13:52:01Z,-78,17645,15760,50.0,64.0,997.07,0.02,543.43,614.04,434.0,489.22,52.17,70.36,0.0,0.0,0.0,0.0,0.0,0.0,3.59,5.11,3.59,5.11,9.61,13.07,9.61,13.07,12.02,15.58,12.02,15.58
2023-03-30T13:58:01Z,-82,18005,15928,50.0,63.0,997.0,0.02,194.36,231.21,123.09,170.21,1.78,1.38,0.0,0.0,0.0,0.0,0.0,0.0,0.07,0.04,0.07,0.04,0.47,0.94,0.47,0.94,1.27,1.04,1.27,1.04
2023-03-30T14:00:01Z,-79,18125,15760,50.0,64.0,996.94,0.02,41.38,68.67,26.23,46.98,0.0,0.71,0.0,0.0,0.0,0.0,0.0,0.0,0.0,0.0,0.0,0.0,0.0,0.0,0.0,0.0,0.02,0.02,0.02,0.02
2023-03-30T14:02:02Z,-81,18246,15760,50.0,64.0,996.98,0.02,54.39,100.16,36.5,70.51,0.52,6.4,0.0,0.0,0.0,0.0,0.0,0.0,0.0,0.0,0.0,0.0,0.0,0.47,0.0,0.47,0.17,1.13,0.17,1.13
2023-03-30T14:04:01Z,-80,18366,15760,50.0,63.0,996.95,0.02,45.13,54.28,29.24,31.09,0.27,0.0,0.0,0.0,0.0,0.0,0.0,0.0,0.0,0.0,0.0,0.0,0.0,0.0,0.0,0.0,0.0,0.04,0.0,0.04
2023-03-30T14:06:01Z,-79,18486,15760,50.0,64.0,996.94,0.02,26.4,48.44,15.89,30.56,0.0,0.0,0.0,0.0,0.0,0.0,0.0,0.0,0.0,0.0,0.0,0.0,0.0,0.0,0.0,0.0,0.02,0.0,0.02,0.0
2023-03-30T14:08:01Z,-80,18605,15760,49.0,64.0,997.0,0.02,36.57,53.26,18.26,32.11,0.17,0.0,0.0,0.0,0.0,0.0,0.0,0.0,0.0,0.0,0.0,0.0,0.0,0.0,0.0,0.0,0.0,0.0,0.0,0.0
2023-03-30T14:10:02Z,-79,18726,15760,49.0,64.0,996.93,0.02,46.72,64.0,24.98,46.29,0.0,0.0,0.0,0.0,0.0,0.0,0.0,0.0,0.0,0.0,0.0,0.0,0.0,0.0,0.0,0.0,0.0,0.0,0.0,0.0
2023-03-30T14:12:01Z,-82,18846,15760,49.0,64.0,996.86,0.02,49.17,69.74,29.24,37.94,0.0,0.0,0.0,0.0,0.0,0.0,0.0,0.0,0.0,0.0,0.0,0.0,0.0,0.0,0.0,0.0,0.02,0.11,0.02,0.11
2023-03-30T14:14:01Z,-79,18965,15760,49.0,63.0,996.93,0.02,44.48,71.32,25.7,45.13,0.0,1.02,0.0,0.0,0.0,0.0,0.0,0.0,0.0,0.0,0.0,0.0,0.0,0.11,0.0,0.11,0.0,0.23,0.0,0.23
2023-03-30T14:16:01Z,-80,19085,15760,49.0,64.0,996.9,0.02,44.78,58.0,31.04,37.39,0.17,0.0,0.0,0.0,0.0,0.0,0.0,0.0,0.0,0.0,0.0,0.0,0.0,0.0,0.0,0.0,0.09,0.0,0.09,0.0
2023-03-30T14:18:04Z,-81,19208,15928,49.0,64.0,996.9,0.02,83.41,111.39,63.33,81.74,0.87,3.98,0.0,0.09,0.0,0.0,0.0,0.0,0.0,0.0,0.0,0.0,0.0,0.43,0.0,0.43,0.48,1.0,0.48,1.0
2023-03-30T14:20:02Z,-82,19326,15760,49.0,64.0,996.82,0.02,86.25,122.51,58.98,81.91,0.3,0.7,0.0,0.0,0.0,0.0,0.0,0.0,0.0,0.0,0.0,0.0,0.09,0.0,0.09,0.0,0.2,0.45,0.2,0.45
2023-03-30T14:22:02Z,-77,19446,15760,49.0,64.0,996.77,0.02,79.62,93.78,50.29,59.04,0.0,0.0,0.0,0.0,0.0,0.0,0.0,0.0,0.0,0.0,0.0,0.0,0.08,0.09,0.08,0.09,0.17,0.31,0.17,0.31
2023-03-30T14:28:02Z,-81,19806,15928,49.0,64.0,996.81,0.02,123.07,154.36,83.91,96.64,0.84,0.34,0.0,0.0,0.0,0.0,0.0,0.0,0.0,0.0,0.0,0.0,0.02,0.21,0.02,0.21,0.07,0.68,0.07,0.68
2023-03-30T14:30:02Z,-78,19926,15760,48.0,64.0,996.87,0.02,241.7,273.33,185.61,202.87,14.61,10.91,0.0,0.0,0.0,0.0,0.0,0.0,0.0,0.09,0.0,0.09,1.87,2.52,1.87,2.52,2.76,3.8,2.76,3.8
2023-03-30T14:32:02Z,-78,20046,15760,48.0,64.0,996.86,0.02,286.85,338.07,233.49,264.55,9.96,17.91,0.0,0.0,0.0,0.0,0.0,0.0,0.04,0.77,0.04,0.77,2.68,3.64,2.68,3.64,3.79,4.57,3.79,4.57
2023-03-30T14:38:02Z,-82,20406,15928,48.0,64.0,996.9,0.02,263.52,302.46,211.22,233.85,6.7,16.39,0.0,0.0,0.0,0.0,0.0,0.0,0.0,0.09,0.0,0.09,1.35,3.33,1.35,3.33,2.7,4.98,2.7,4.98
2023-03-30T14:44:02Z,-82,20766,15928,48.0,64.0,996.89,0.02,228.27,305.24,161.25,244.54,0.91,3.65,0.0,0.0,0.0,0.0,0.0,0.0,0.0,0.24,0.0,0.24,0.3,2.22,0.3,2.22,1.16,3.93,1.16,3.93
2023-03-30T14:46:02Z,-78,20886,15760,48.0,64.0,996.85,0.02,308.71,351.68,236.76,271.6,1.51,10.13,0.0,0.0,0.0,0.0,0.0,0.0,0.11,1.02,0.11,1.02,1.73,3.15,1.73,3.15,2.84,3.89,2.84,3.89
2023-03-30T14:48:02Z,-80,21006,15760,48.0,64.0,996.85,0.02,152.17,174.82,98.04,124.84,0.77,1.32,0.0,0.0,0.0,0.0,0.0,0.0,0.0,0.0,0.0,0.0,0.43,0.0,0.43,0.0,0.45,1.48,0.45,1.48
2023-03-30T14:50:02Z,-79,21126,15760,48.0,64.0,996.79,0.02,254.11,287.62,169.81,184.29,3.94,11.36,0.0,0.0,0.0,0.0,0.0,0.0,0.45,0.58,0.45,0.58,1.51,2.11,1.51,2.11,1.74,2.98,1.74,2.98
2023-03-30T14:52:02Z,-80,21246,15760,48.0,65.0,996.91,0.02,230.98,257.04,177.76,198.68,8.65,8.15,0.0,0.0,0.0,0.0,0.0,0.0,0.11,0.0,0.11,0.0,1.48,2.23,1.48,2.23,2.22,3.72,2.22,3.72
2023-03-30T14:56:02Z,-83,21486,15624,48.0,65.0,996.92,0.02,148.93,191.6,98.5,114.96,0.39,2.44,0.0,0.0,0.0,0.0,0.0,0.0,0.0,0.0,0.0,0.0,0.17,0.33,0.17,0.33,0.57,1.36,0.57,1.36
2023-03-30T14:58:02Z,-79,21606,15456,48.0,65.0,996.9,0.02,165.93,219.27,96.22,145.2,0.0,8.56,0.0,0.0,0.0,0.0,0.0,0.0,0.0,0.0,0.0,0.0,0.63,1.64,0.63,1.64,1.41,2.31,1.41,2.31
2023-03-30T15:00:02Z,-80,21726,15456,48.0,65.0,996.87,0.02,123.75,189.76,82.09,124.11,0.36,0.74,0.0,0.0,0.0,0.0,0.0,0.0,0.0,0.0,0.0,0.0,0.11,0.57,0.11,0.57,0.52,1.26,0.52,1.26
2023-03-30T15:02:02Z,-80,21846,15456,48.0,65.0,996.88,0.02,153.95,191.79,101.93,119.0,0.34,1.02,0.0,0.0,0.0,0.0,0.0,0.0,0.0,0.0,0.0,0.0,0.07,0.17,0.07,0.17,0.39,1.17,0.39,1.17
2023-03-30T15:06:02Z,-82,22086,15320,48.0,65.0,996.86,0.02,140.93,167.82,86.15,108.89,2.61,1.0,0.0,0.0,0.0,0.0,0.0,0.0,0.0,0.0,0.0,0.0,0.2,0.23,0.2,0.23,0.89,1.14,0.89,1.14
2023-03-30T15:08:02Z,-80,22206,15152,48.0,65.0,996.93,0.02,161.78,184.66,114.51,130.6,5.24,7.57,0.0,0.0,0.0,0.0,0.0,0.0,0.0,0.09,0.0,0.09,0.71,0.53,0.71,0.53,1.44,0.89,1.44,0.89
2023-03-30T15:10:02Z,-80,22326,15152,47.0,64.0,996.81,0.02,168.13,176.24,108.76,118.2,2.0,4.61,0.0,0.0,0.0,0.0,0.0,0.0,0.0,0.0,0.0,0.0,0.2,0.17,0.2,0.17,0.91,1.7,0.91,1.7
2023-03-30T15:12:02Z,-80,22446,15152,48.0,65.0,996.87,0.02,96.13,135.54,67.09,88.98,0.0,1.8,0.0,0.0,0.0,0.0,0.0,0.0,0.0,0.0,0.0,0.0,0.02,0.0,0.02,0.0,0.17,0.39,0.17,0.39
2023-03-30T15:14:02Z,-79,22566,15152,48.0,65.0,996.83,0.02,89.65,119.18,66.09,78.78,0.67,0.51,0.0,0.0,0.0,0.0,0.0,0.0,0.0,0.0,0.0,0.0,0.07,0.18,0.07,0.18,0.07,0.47,0.07,0.47
2023-03-30T15:16:02Z,-81,22686,15152,47.0,65.0,996.81,0.02,215.46,240.8,166.78,181.02,1.13,1.89,0.0,0.0,0.0,0.0,0.0,0.0,0.0,0.0,0.0,0.0,1.83,1.43,1.83,1.43,2.13,2.93,2.13,2.93
2023-03-30T15:18:02Z,-76,22806,15152,47.0,65.0,996.84,0.02,235.07,285.98,191.07,219.53,4.51,9.91,0.0,0.0,0.0,0.0,0.0,0.0,0.09,0.09,0.09,0.09,1.73,2.94,1.73,2.94,2.2,4.3,2.2,4.3
2023-03-30T15:20:02Z,-79,22926,15456,48.0,65.0,996.78,0.02,200.81,231.96,135.09,170.84,7.3,4.67,0.0,0.0,0.0,0.0,0.0,0.0,0.13,0.07,0.13,0.07,1.32,1.29,1.32,1.29,2.21,2.56,2.21,2.56
2023-03-30T15:22:02Z,-82,23046,15456,48.0,64.0,996.8,0.02,140.81,147.33,93.47,87.69,2.37,0.62,0.0,0.0,0.0,0.0,0.0,0.0,0.0,0.0,0.0,0.0,0.09,0.0,0.09,0.0,0.14,0.12,0.14,0.12
2023-03-30T15:24:02Z,-83,23166,15456,48.0,64.0,996.52,0.02,151.0,190.68,102.54,129.57,0.91,1.19,0.0,0.0,0.0,0.0,0.0,0.0,0.0,0.0,0.0,0.0,0.39,0.77,0.39,0.77,0.85,1.83,0.85,1.83
2023-03-30T15:26:02Z,-77,23286,15456,48.0,64.0,996.8,0.02,186.81,212.49,129.6,159.69,3.88,2.91,0.08,0.0,0.0,0.0,0.0,0.0,0.0,0.0,0.0,0.0,1.1,1.04,1.1,1.04,2.08,1.8,2.08,1.8
2023-03-30T15:28:03Z,-80,23407,15456,49.0,64.0,996.83,0.02,196.3,230.6,133.54,175.16,8.52,3.73,0.0,0.0,0.0,0.0,0.0,0.0,0.02,0.04,0.02,0.04,1.3,1.27,1.3,1.27,1.72,2.73,1.72,2.73
2023-03-30T15:30:03Z,-77,23527,15760,48.0,64.0,996.77,0.02,111.96,167.49,79.58,105.79,0.18,2.81,0.0,0.0,0.0,0.0,0.0,0.0,0.0,0.0,0.0,0.0,0.29,0.09,0.29,0.09,0.8,0.17,0.8,0.17
2023-03-30T15:32:02Z,-78,23646,15760,49.0,64.0,996.83,0.02,132.57,162.69,82.43,107.44,0.0,0.08,0.0,0.0,0.0,0.0,0.0,0.0,0.0,0.0,0.0,0.0,0.07,0.23,0.07,0.23,0.48,0.71,0.48,0.71
2023-03-30T15:34:02Z,-81,23766,15760,49.0,64.0,996.89,0.02,82.71,137.42,57.08,83.09,0.0,0.62,0.0,0.0,0.0,0.0,0.0,0.0,0.0,0.0,0.0,0.0,0.0,0.02,0.0,0.02,0.0,0.27,0.0,0.27
2023-03-30T15:36:02Z,-79,23886,15760,49.0,64.0,996.9,0.02,84.09,118.44,60.37,81.07,0.74,0.0,0.0,0.0,0.0,0.0,0.0,0.0,0.0,0.0,0.0,0.0,0.04,0.18,0.04,0.18,0.28,1.07,0.28,1.07
2023-03-30T15:38:02Z,-79,24006,15760,49.0,64.0,997.02,0.02,93.93,139.88,69.6,82.08,0.47,1.08,0.0,0.0,0.0,0.0,0.0,0.0,0.0,0.0,0.0,0.0,0.0,0.25,0.0,0.25,0.07,0.71,0.07,0.71
2023-03-30T15:40:02Z,-82,24126,15760,51.0,63.0,996.93,0.02,105.02,147.17,73.69,101.4,0.09,0.0,0.0,0.0,0.0,0.0,0.0,0.0,0.0,0.0,0.0,0.0,0.07,0.23,0.07,0.23,0.24,0.45,0.24,0.45
2023-03-30T15:42:02Z,-82,24246,15760,53.0,63.0,996.62,0.02,87.72,131.58,63.26,82.87,0.0,0.53,0.0,0.0,0.0,0.0,0.0,0.0,0.0,0.0,0.0,0.0,0.0,0.09,0.0,0.09,0.02,0.13,0.02,0.13
2023-03-30T15:44:04Z,-82,24368,15760,54.0,63.0,996.95,0.02,90.0,116.57,67.68,80.02,3.15,0.36,0.0,0.0,0.0,0.0,0.0,0.0,0.0,0.0,0.0,0.0,0.02,0.02,0.02,0.02,0.02,0.2,0.02,0.2
2023-03-30T15:48:02Z,-82,24606,15624,56.0,63.0,997.02,0.02,88.95,121.81,62.57,86.96,0.82,1.72,0.0,0.0,0.0,0.0,0.0,0.0,0.0,0.0,0.0,0.0,0.16,0.06,0.16,0.06,0.23,0.36,0.23,0.36
2023-03-30T15:50:02Z,-82,24726,15456,56.0,63.0,996.98,0.02,116.61,154.65,78.2,87.91,2.0,2.24,0.0,0.0,0.0,0.0,0.0,0.0,0.0,0.0,0.0,0.0,0.09,0.11,0.09,0.11,0.15,0.89,0.15,0.89
2023-03-30T15:52:02Z,-80,24846,15456,57.0,62.0,996.94,0.02,101.29,127.61,74.85,84.26,0.1,0.26,0.0,0.0,0.0,0.0,0.0,0.0,0.0,0.0,0.0,0.0,0.0,0.0,0.0,0.0,0.21,0.74,0.21,0.74
2023-03-30T15:54:02Z,-76,24966,15456,57.0,62.0,996.91,0.02,64.98,90.96,45.3,68.53,0.26,0.0,0.0,0.0,0.0,0.0,0.0,0.0,0.0,0.0,0.0,0.0,0.0,0.0,0.0,0.0,0.0,0.27,0.0,0.27
2023-03-30T15:56:05Z,-80,25089,15624,58.0,62.0,996.86,0.02,86.35,101.43,62.19,66.06,1.12,0.0,0.0,0.0,0.0,0.0,0.0,0.0,0.0,0.0,0.0,0.0,0.23,0.0,0.23,0.0,0.33,0.11,0.33,0.11
2023-03-30T15:58:02Z,-84,25207,15456,58.0,62.0,996.85,0.02,99.61,123.07,64.59,67.96,0.17,0.0,0.0,0.0,0.0,0.0,0.0,0.0,0.0,0.0,0.0,0.0,0.0,0.0,0.0,0.0,0.0,0.07,0.0,0.07
2023-03-30T16:02:03Z,-78,25447,15320,59.0,61.0,996.87,0.02,70.0,82.84,43.28,61.98,0.6,0.53,0.0,0.0,0.0,0.0,0.0,0.0,0.0,0.0,0.0,0.0,0.0,0.0,0.0,0.0,0.0,0.0,0.0,0.0
2023-03-30T16:04:02Z,-83,25567,15152,59.0,61.0,996.9,0.02,112.36,116.96,75.82,78.09,0.89,0.34,0.0,0.0,0.0,0.0,0.0,0.0,0.0,0.0,0.0,0.0,0.09,0.0,0.09,0.0,0.27,0.0,0.27,0.0
2023-03-30T16:06:02Z,-83,25686,15152,59.0,61.0,996.88,0.02,76.14,110.91,47.11,79.45,0.0,1.02,0.0,0.0,0.0,0.0,0.0,0.0,0.0,0.0,0.0,0.0,0.0,0.0,0.0,0.0,0.0,0.32,0.0,0.32
2023-03-30T16:12:02Z,-78,26046,15624,60.0,61.0,996.78,0.02,109.13,132.17,78.96,83.55,0.96,0.21,0.0,0.0,0.0,0.0,0.0,0.0,0.0,0.0,0.0,0.0,0.13,0.06,0.13,0.06,0.5,0.09,0.5,0.09
2023-03-30T16:14:02Z,-78,26166,15456,60.0,61.0,996.75,0.02,99.98,131.72,64.51,92.04,1.24,0.94,0.0,0.0,0.0,0.0,0.0,0.0,0.0,0.0,0.0,0.0,0.07,0.0,0.07,0.0,0.13,0.3,0.13,0.3
2023-03-30T16:16:02Z,-77,26286,15456,61.0,61.0,996.77,0.02,131.89,171.2,92.81,110.57,0.43,0.43,0.0,0.0,0.0,0.0,0.0,0.0,0.0,0.0,0.0,0.0,0.13,0.04,0.13,0.04,0.17,0.65,0.17,0.65
2023-03-30T16:18:05Z,-81,26409,15624,61.0,61.0,996.78,0.02,136.63,144.18,93.07,94.39,0.5,0.18,0.0,0.0,0.0,0.0,0.0,0.0,0.0,0.0,0.0,0.0,1.11,0.09,1.11,0.09,1.65,0.34,1.65,0.34
2023-03-30T16:20:03Z,-78,26527,15456,62.0,61.0,996.93,0.02,170.69,172.33,116.78,100.5,1.76,1.5,0.0,0.0,0.0,0.0,0.0,0.0,0.0,0.0,0.0,0.0,0.6,0.17,0.6,0.17,1.22,0.6,1.22,0.6
2023-03-30T16:22:03Z,-76,26647,15456,61.0,55.0,991.8,0.02,134.83,150.02,89.91,95.34,0.0,1.36,0.0,0.0,0.0,0.0,0.0,0.0,0.0,0.0,0.0,0.0,0.34,0.17,0.34,0.17,1.26,0.23,1.26,0.23
2023-03-30T16:24:03Z,-77,26767,15456,62.0,61.0,996.9,0.02,196.85,224.24,135.67,162.29,3.38,1.16,0.0,0.0,0.0,0.0,0.0,0.0,0.0,0.0,0.0,0.0,0.88,1.0,0.88,1.0,1.9,1.76,1.9,1.76
2023-03-30T16:26:03Z,-77,26887,15760,62.0,61.0,996.52,0.02,175.57,232.17,116.34,182.57,1.27,3.35,0.0,0.0,0.0,0.0,0.0,0.0,0.0,0.0,0.0,0.0,0.73,1.41,0.73,1.41,1.43,2.26,1.43,2.26
2023-03-30T16:28:03Z,-77,27007,15760,62.0,61.0,996.81,0.02,166.98,216.94,110.43,161.15,1.76,1.79,0.0,0.0,0.0,0.0,0.0,0.0,0.02,0.0,0.02,0.0,0.46,0.57,0.46,0.57,0.63,1.15,0.63,1.15
2023-03-30T16:30:03Z,-77,27127,15760,61.0,61.0,996.86,0.02,180.6,195.11,102.53,140.35,1.96,5.22,0.0,0.0,0.0,0.0,0.0,0.0,0.0,0.0,0.0,0.0,0.43,0.0,0.43,0.0,1.17,0.98,1.17,0.98
2023-03-30T16:32:03Z,-77,27247,15760,62.0,61.0,996.73,0.02,185.39,217.16,117.63,150.2,6.33,1.34,0.0,0.0,0.0,0.0,0.0,0.0,0.07,0.0,0.07,0.0,0.8,0.36,0.8,0.36,1.74,1.91,1.74,1.91
2023-03-30T16:34:03Z,-81,27367,15760,61.0,61.0,996.78,0.02,226.09,254.88,165.8,191.27,8.62,4.67,0.0,0.0,0.0,0.0,0.0,0.0,0.0,0.0,0.0,0.0,1.38,2.06,1.38,2.06,2.18,2.71,2.18,2.71
2023-03-30T16:36:03Z,-78,27487,15760,61.0,61.0,996.73,0.02,238.82,265.17,177.93,195.0,2.52,5.23,0.0,0.0,0.0,0.0,0.0,0.0,0.0,0.0,0.0,0.0,1.0,1.04,1.0,1.04,1.59,1.54,1.59,1.54
2023-03-30T16:38:03Z,-80,27607,15760,61.0,61.0,996.74,0.02,236.96,278.62,177.77,210.11,4.43,6.0,0.0,0.0,0.0,0.0,0.0,0.0,0.0,0.0,0.0,0.0,1.19,2.0,1.19,2.0,1.64,2.84,1.64,2.84
2023-03-30T16:40:03Z,-80,27727,15760,61.0,61.0,996.74,0.02,140.3,215.16,92.32,165.91,2.21,5.78,0.0,0.0,0.0,0.0,0.0,0.0,0.0,0.0,0.0,0.0,0.15,0.56,0.15,0.56,0.4,1.71,0.4,1.71
2023-03-30T16:42:03Z,-78,27847,15760,61.0,61.0,996.71,0.02,192.64,224.34,138.16,146.6,2.02,2.3,0.0,0.0,0.0,0.0,0.0,0.0,0.0,0.0,0.0,0.0,0.89,0.55,0.89,0.55,1.53,1.34,1.53,1.34
2023-03-30T16:44:03Z,-81,27967,15760,61.0,61.0,996.7,0.02,159.89,218.47,99.39,136.26,0.27,1.74,0.0,0.0,0.0,0.0,0.0,0.0,0.0,0.0,0.0,0.0,0.05,0.4,0.05,0.4,0.41,2.0,0.41,2.0
2023-03-30T16:46:03Z,-80,28087,15760,61.0,61.0,996.74,0.02,161.46,190.62,87.43,114.13,1.24,1.74,0.0,0.0,0.0,0.0,0.0,0.0,0.0,0.0,0.0,0.0,0.15,0.28,0.15,0.28,0.28,1.47,0.28,1.47
2023-03-30T16:52:03Z,-77,28447,15928,61.0,61.0,996.66,0.02,216.82,253.89,148.02,198.45,1.27,3.47,0.0,0.0,0.0,0.0,0.0,0.0,0.02,0.0,0.02,0.0,1.91,0.81,1.91,0.81,2.36,2.21,2.36,2.21
2023-03-30T16:54:03Z,-79,28567,15760,61.0,61.0,996.63,0.02,275.09,271.24,203.76,198.0,3.35,2.0,0.0,0.0,0.0,0.0,0.0,0.0,0.26,0.0,0.26,0.0,2.04,1.04,2.04,1.04,2.57,1.87,2.57,1.87
2023-03-30T16:56:03Z,-77,28687,15760,61.0,61.0,996.56,0.02,179.93,218.54,132.24,163.87,2.11,0.93,0.0,0.0,0.0,0.0,0.0,0.0,0.04,0.0,0.04,0.0,0.74,0.48,0.74,0.48,2.17,1.09,2.17,1.09
2023-03-30T16:58:03Z,-76,28807,15760,61.0,61.0,996.55,0.02,162.98,199.93,102.04,143.8,1.33,1.07,0.0,0.0,0.0,0.0,0.0,0.0,0.0,0.0,0.0,0.0,0.46,0.3,0.46,0.3,0.67,0.91,0.67,0.91
2023-03-30T17:00:03Z,-77,28927,15760,61.0,61.0,996.54,0.02,163.85,210.26,98.65,146.7,2.91,0.17,0.0,0.0,0.0,0.0,0.0,0.0,0.0,0.0,0.0,0.0,0.22,0.41,0.22,0.41,0.98,0.91,0.98,0.91
2023-03-30T17:02:03Z,-79,29047,15760,61.0,61.0,996.24,0.02,226.69,320.87,160.07,232.15,0.36,2.72,0.0,0.0,0.0,0.0,0.0,0.0,0.18,0.3,0.18,0.3,0.93,1.72,0.93,1.72,1.09,3.32,1.09,3.32
2023-03-30T17:04:03Z,-79,29167,15760,61.0,61.0,996.43,0.02,174.04,206.61,113.23,135.28,0.17,0.52,0.0,0.0,0.0,0.0,0.0,0.0,0.0,0.0,0.0,0.0,0.0,0.35,0.0,0.35,0.0,0.76,0.0,0.76
2023-03-30T17:06:03Z,-77,29287,15760,61.0,61.0,996.42,0.02,140.26,210.09,95.49,139.39,5.53,0.26,0.0,0.0,0.0,0.0,0.0,0.0,0.0,0.0,0.0,0.0,0.19,0.35,0.19,0.35,0.6,1.59,0.6,1.59
2023-03-30T17:08:03Z,-81,29407,15760,61.0,61.0,996.37,0.02,162.25,203.26,110.09,124.85,1.73,0.43,0.0,0.0,0.0,0.0,0.0,0.0,0.0,0.0,0.0,0.0,0.66,0.35,0.66,0.35,1.39,1.17,1.39,1.17
2023-03-30T17:10:03Z,-76,29527,15760,61.0,61.0,996.35,0.02,205.64,237.9,138.73,168.4,3.16,2.23,0.0,0.0,0.0,0.0,0.0,0.0,0.0,0.0,0.0,0.0,1.49,0.33,1.49,0.33,1.67,1.15,1.67,1.15
2023-03-30T17:12:03Z,-79,29647,15760,60.0,61.0,996.33,0.02,165.85,177.22,101.59,106.46,2.91,2.57,0.0,0.0,0.0,0.0,0.0,0.0,0.0,0.0,0.0,0.0,0.35,0.09,0.35,0.09,0.43,0.61,0.43,0.61
2023-03-30T17:18:03Z,-78,30007,15928,60.0,61.0,996.27,0.02,103.52,124.26,73.07,76.98,1.16,0.0,0.0,0.0,0.0,0.0,0.0,0.0,0.0,0.0,0.0,0.0,0.34,0.0,0.34,0.0,0.45,0.17,0.45,0.17
2023-03-30T17:20:03Z,-75,30127,15760,59.0,61.0,996.28,0.02,102.77,147.62,68.92,95.27,0.48,1.6,0.0,0.0,0.0,0.0,0.0,0.0,0.0,0.0,0.0,0.0,0.0,0.07,0.0,0.07,0.42,0.2,0.42,0.2
2023-03-30T17:24:03Z,-76,30367,15624,59.0,61.0,996.36,0.02,143.33,190.3,100.27,129.2,0.87,2.74,0.0,0.0,0.0,0.0,0.0,0.0,0.0,0.0,0.0,0.0,0.82,0.33,0.82,0.33,1.16,1.35,1.16,1.35
2023-03-30T17:26:04Z,-76,30488,15456,59.0,61.0,996.32,0.02,190.57,240.91,127.21,174.2,2.21,7.29,0.0,0.0,0.0,0.0,0.0,0.0,0.02,0.0,0.02,0.0,0.66,0.73,0.66,0.73,1.26,1.62,1.26,1.62
2023-03-30T17:28:03Z,-78,30607,15456,59.0,61.0,996.31,0.02,130.57,171.51,82.98,112.13,0.51,1.16,0.0,0.0,0.0,0.0,0.0,0.0,0.0,0.0,0.0,0.0,0.0,0.22,0.0,0.22,0.3,0.8,0.3,0.8
2023-03-30T17:30:03Z,-79,30727,15456,60.0,61.0,996.26,0.02,193.32,232.33,133.27,171.0,0.27,1.04,0.0,0.0,0.0,0.0,0.0,0.0,0.0,0.0,0.0,0.0,1.0,0.98,1.0,0.98,1.84,2.09,1.84,2.09
2023-03-30T17:32:03Z,-76,30847,15456,60.0,61.0,996.29,0.02,216.38,247.32,170.42,198.3,1.6,0.85,0.0,0.0,0.0,0.0,0.0,0.0,0.0,0.06,0.0,0.06,1.16,1.15,1.16,1.15,1.51,1.96,1.51,1.96
2023-03-30T17:34:03Z,-78,30967,15456,60.0,61.0,996.22,0.02,272.79,311.72,210.72,237.85,7.28,11.72,0.0,0.0,0.0,0.0,0.0,0.0,0.45,0.39,0.45,0.39,2.51,2.98,2.51,2.98,3.74,4.5,3.74,4.5
2023-03-30T17:38:03Z,-78,31207,15320,59.0,61.0,996.27,0.02,299.09,356.02,235.62,281.83,10.44,10.77,0.0,0.0,0.0,0.0,0.0,0.0,0.44,0.15,0.44,0.15,2.33,3.72,2.33,3.72,3.16,4.72,3.16,4.72
2023-03-30T17:40:03Z,-78,31327,15152,60.0,61.0,996.25,0.02,249.4,281.28,199.49,219.64,8.78,4.47,0.0,0.0,0.0,0.0,0.0,0.0,0.0,0.0,0.0,0.0,1.64,1.83,1.64,1.83,2.02,2.74,2.02,2.74
2023-03-30T17:42:03Z,-80,31447,15456,59.0,61.0,996.18,0.02,286.66,311.5,229.04,243.22,10.68,19.28,0.0,0.0,0.0,0.0,0.0,0.0,0.3,0.0,0.3,0.0,3.17,3.22,3.17,3.22,3.87,4.98,3.87,4.98
2023-03-30T17:44:03Z,-78,31567,15456,60.0,61.0,996.2,0.02,313.81,359.61,242.13,277.64,3.77,24.64,0.0,0.0,0.0,0.0,0.0,0.0,0.43,0.11,0.43,0.11,3.45,3.82,3.45,3.82,3.89,5.2,3.89,5.2
2023-03-30T17:46:03Z,-82,31687,15456,60.0,61.0,996.17,0.02,381.73,421.17,296.16,321.56,12.91,28.85,0.0,0.0,0.0,0.0,0.0,0.0,1.53,1.75,1.53,1.75,4.69,4.42,4.69,4.42,5.36,5.71,5.36,5.71
2023-03-30T17:48:04Z,-78,31808,15456,59.0,61.0,996.18,0.02,309.0,325.15,243.3,244.7,7.75,7.11,0.0,0.0,0.0,0.0,0.0,0.0,0.73,0.0,0.73,0.0,3.59,3.34,3.59,3.34,4.48,4.43,4.48,4.43
2023-03-30T17:50:03Z,-78,31927,15456,59.0,61.0,996.25,0.02,366.35,401.11,279.43,296.21,6.96,7.6,0.0,0.0,0.0,0.0,0.0,0.0,1.48,1.11,1.48,1.11,3.72,3.96,3.72,3.96,4.48,6.3,4.48,6.3
2023-03-30T17:52:03Z,-78,32047,15456,59.0,61.0,996.19,0.02,273.98,322.91,219.51,240.22,3.13,5.02,0.0,0.0,0.0,0.0,0.0,0.0,0.02,0.18,0.02,0.18,1.7,2.2,1.7,2.2,2.15,3.96,2.15,3.96
2023-03-30T17:54:03Z,-77,32167,15456,59.0,61.0,996.25,0.02,329.49,359.85,259.13,283.13,9.02,7.94,0.0,0.0,0.0,0.0,0.0,0.0,0.47,0.77,0.47,0.77,3.36,3.3,3.36,3.3,3.78,4.62,3.78,4.62
2023-03-30T17:56:03Z,-78,32287,15760,59.0,61.0,996.21,0.02,340.24,373.69,258.09,281.33,20.44,12.12,0.0,0.0,0.0,0.0,0.0,0.0,0.42,0.58,0.42,0.58,4.64,4.12,4.64,4.12,5.42,5.0,5.42,5.0
2023-03-30T17:58:04Z,-75,32408,15760,59.0,61.0,996.2,0.02,391.09,471.6,305.07,352.62,16.37,24.32,0.0,0.0,0.0,0.0,0.0,0.0,1.46,2.19,1.46,2.19,4.74,5.3,4.74,5.3,5.65,6.0,5.65,6.0
2023-03-30T18:00:03Z,-80,32527,15760,59.0,61.0,996.21,0.02,327.38,387.73,260.77,299.0,12.29,19.61,0.0,0.0,0.0,0.0,0.0,0.0,1.54,1.14,1.54,1.14,3.83,3.82,3.83,3.82,4.4,4.8,4.4,4.8
2023-03-30T18:02:03Z,-78,32647,15760,59.0,61.0,996.2,0.02,266.51,333.87,203.19,255.4,7.4,8.72,0.0,0.0,0.0,0.0,0.0,0.0,0.23,0.6,0.23,0.6,1.98,2.13,1.98,2.13,2.43,3.55,2.43,3.55
2023-03-30T18:08:03Z,-80,33007,15928,59.0,61.0,996.2,0.02,179.22,183.52,103.96,109.3,0.41,1.45,0.0,0.0,0.0,0.0,0.0,0.0,0.0,0.0,0.0,0.0,0.39,0.11,0.39,0.11,0.39,0.3,0.39,0.3
2023-03-30T18:10:03Z,-78,33127,15760,59.0,61.0,996.2,0.02,219.64,264.93,167.91,195.51,7.45,2.38,0.11,0.0,0.0,0.0,0.0,0.0,0.0,0.0,0.0,0.0,0.94,1.73,0.94,1.73,1.21,2.84,1.21,2.84
2023-03-30T18:12:03Z,-79,33247,15760,58.0,60.0,996.21,0.02,151.69,195.87,94.44,134.21,0.18,1.36,0.0,0.0,0.0,0.0,0.0,0.0,0.0,0.0,0.0,0.0,0.36,0.17,0.36,0.17,0.71,0.57,0.71,0.57
2023-03-30T18:14:03Z,-77,33367,15760,58.0,60.0,996.22,0.02,175.66,207.83,105.75,130.53,2.09,0.51,0.0,0.0,0.0,0.0,0.0,0.0,0.0,0.0,0.0,0.0,0.0,0.17,0.0,0.17,0.45,0.66,0.45,0.66
2023-03-30T18:16:03Z,-77,33487,15760,58.0,60.0,996.27,0.02,158.83,185.48,98.4,117.0,0.34,0.35,0.0,0.0,0.0,0.0,0.0,0.0,0.0,0.0,0.0,0.0,0.21,0.48,0.21,0.48,0.55,0.63,0.55,0.63
2023-03-30T18:18:04Z,-77,33608,15760,58.0,60.0,996.23,0.02,133.19,206.22,90.49,130.65,0.34,0.17,0.0,0.0,0.0,0.0,0.0,0.0,0.0,0.0,0.0,0.0,0.0,0.65,0.0,0.65,0.06,0.96,0.06,0.96
2023-03-30T18:20:04Z,-76,33728,15760,58.0,60.0,996.18,0.02,159.8,196.62,105.33,122.83,0.0,0.08,0.0,0.0,0.0,0.0,0.0,0.0,0.0,0.0,0.0,0.0,0.0,0.15,0.0,0.15,0.04,0.44,0.04,0.44
2023-03-30T18:22:04Z,-77,33848,15760,58.0,60.0,996.16,0.02,162.85,196.27,96.93,119.91,0.35,0.09,0.0,0.0,0.0,0.0,0.0,0.0,0.0,0.0,0.0,0.0,0.0,0.09,0.0,0.09,0.0,0.24,0.0,0.24
2023-03-30T18:24:04Z,-77,33968,15760,58.0,60.0,996.15,0.02,173.02,193.82,115.37,109.67,0.96,0.0,0.0,0.0,0.0,0.0,0.0,0.0,0.0,0.0,0.0,0.0,0.39,0.11,0.39,0.11,0.61,0.73,0.61,0.73
2023-03-30T18:30:04Z,-76,34328,15928,57.0,60.0,996.08,0.02,176.3,203.22,116.85,133.33,0.02,1.51,0.0,0.0,0.0,0.0,0.0,0.0,0.0,0.0,0.0,0.0,0.19,0.0,0.19,0.0,0.34,0.93,0.34,0.93
2023-03-30T18:32:06Z,-76,34451,15928,57.0,59.0,996.08,0.02,189.24,207.24,119.65,126.93,1.3,0.35,0.0,0.0,0.0,0.0,0.0,0.0,0.0,0.0,0.0,0.0,0.17,0.22,0.17,0.22,0.5,0.33,0.5,0.33
2023-03-30T18:34:04Z,-77,34568,15760,57.0,59.0,996.04,0.02,176.2,197.15,111.11,115.98,0.0,0.0,0.0,0.0,0.0,0.0,0.0,0.0,0.0,0.0,0.0,0.0,0.0,0.09,0.0,0.09,0.27,0.43,0.27,0.43
2023-03-30T18:36:04Z,-79,34688,15760,57.0,59.0,996.11,0.02,189.18,232.38,120.73,171.67,0.0,3.17,0.0,0.0,0.0,0.0,0.0,0.0,0.0,0.0,0.0,0.0,0.0,0.67,0.0,0.67,0.0,0.9,0.0,0.9
2023-03-30T18:38:04Z,-78,34808,15760,58.0,59.0,996.06,0.02,670.64,774.84,549.28,623.69,109.38,127.38,0.0,0.27,0.0,0.0,0.0,0.0,6.51,8.36,6.51,8.36,16.09,18.91,16.09,18.91,17.77,22.09,17.77,22.09
2023-03-30T18:40:04Z,-81,34928,15760,58.0,59.0,996.02,0.02,245.17,305.57,201.3,239.48,0.52,3.48,0.0,0.0,0.0,0.0,0.0,0.0,0.0,0.61,0.0,0.61,0.48,1.54,0.48,1.54,1.17,2.8,1.17,2.8
2023-03-30T18:42:04Z,-78,35048,15760,57.0,59.0,995.99,0.02,205.73,243.15,137.96,190.15,0.0,0.0,0.0,0.0,0.0,0.0,0.0,0.0,0.0,0.0,0.0,0.0,0.18,0.67,0.18,0.67,0.33,1.37,0.33,1.37
2023-03-30T18:44:04Z,-77,35168,15760,57.0,59.0,995.99,0.02,202.67,250.64,119.98,187.66,0.8,1.98,0.09,0.0,0.0,0.0,0.0,0.0,0.0,0.04,0.0,0.04,0.16,0.53,0.16,0.53,0.62,1.0,0.62,1.0
2023-03-30T18:46:04Z,-77,35288,15760,57.0,59.0,995.98,0.02,221.19,238.09,164.38,184.96,0.17,0.5,0.0,0.0,0.0,0.0,0.0,0.0,0.0,0.0,0.0,0.0,0.77,0.2,0.77,0.2,1.04,0.57,1.04,0.57
2023-03-30T18:48:04Z,-81,35408,15760,58.0,59.0,995.98,0.02,227.06,255.09,179.11,182.51,2.47,0.09,0.0,0.0,0.0,0.0,0.0,0.0,0.09,0.0,0.09,0.0,0.72,0.29,0.72,0.29,1.17,1.31,1.17,1.31
2023-03-30T18:50:04Z,-78,35528,15760,57.0,59.0,995.98,0.02,218.7,267.48,173.21,203.7,1.85,1.48,0.0,0.0,0.0,0.0,0.0,0.0,0.0,0.0,0.0,0.0,1.6,1.02,1.6,1.02,2.09,1.43,2.09,1.43
2023-03-30T18:52:04Z,-78,35648,15760,58.0,59.0,996.02,0.02,477.64,581.81,372.0,439.38,20.29,33.23,0.0,0.0,0.0,0.0,0.0,0.0,2.47,4.19,2.47,4.19,5.96,10.19,5.96,10.19,6.69,10.87,6.69,10.87
2023-03-30T18:54:05Z,-77,35769,15760,58.0,58.0,996.01,0.02,483.2,528.75,369.17,390.29,11.17,18.6,0.0,0.0,0.0,0.0,0.0,0.0,2.67,2.58,2.67,2.58,4.54,5.31,4.54,5.31,5.13,5.92,5.13,5.92
2023-03-30T18:56:04Z,-79,35888,15760,59.0,58.0,995.98,0.02,377.94,432.48,291.4,325.23,2.55,7.66,0.0,0.0,0.0,0.0,0.0,0.0,0.51,1.34,0.51,1.34,2.79,4.48,2.79,4.48,3.6,4.95,3.6,4.95
2023-03-30T18:58:04Z,-79,36008,15760,59.0,58.0,995.93,0.02,499.38,562.91,389.88,421.54,26.88,24.15,0.0,0.0,0.0,0.0,0.0,0.0,3.12,3.41,3.12,3.41,6.81,6.67,6.81,6.67,7.73,8.28,7.73,8.28
2023-03-30T19:00:04Z,-77,36128,15760,59.0,56.0,994.1,0.02,482.89,583.04,371.07,436.58,24.96,26.44,0.0,0.0,0.0,0.0,0.0,0.0,1.91,3.75,1.91,3.75,5.33,6.62,5.33,6.62,5.71,8.71,5.71,8.71
2023-03-30T19:02:04Z,-78,36248,15760,60.0,58.0,995.91,0.02,438.59,489.45,335.98,371.77,28.43,20.09,0.0,0.0,0.0,0.0,0.0,0.0,1.91,2.55,1.91,2.55,4.65,5.74,4.65,5.74,5.04,6.74,5.04,6.74
2023-03-30T19:04:04Z,-78,36368,15760,60.0,58.0,995.94,0.02,483.89,532.82,378.09,402.82,31.41,29.67,0.0,0.0,0.0,0.0,0.0,0.0,2.46,3.24,2.46,3.24,6.8,6.62,6.8,6.62,7.65,7.24,7.65,7.24
2023-03-30T19:06:04Z,-78,36488,15760,60.0,58.0,995.9,0.02,501.64,565.76,406.32,432.38,39.02,51.71,0.0,0.0,0.0,0.0,0.0,0.0,3.94,3.49,3.94,3.49,7.87,8.18,7.87,8.18,8.77,9.91,8.77,9.91
2023-03-30T19:08:04Z,-78,36608,15760,60.0,58.0,995.87,0.02,684.04,707.79,543.65,555.87,79.87,76.6,0.0,0.0,0.0,0.0,0.0,0.0,6.28,6.09,6.28,6.09,16.13,15.04,16.13,15.04,18.11,18.06,18.11,18.06
2023-03-30T19:10:04Z,-77,36728,15760,60.0,58.0,995.85,0.02,668.02,708.4,543.73,559.34,78.23,71.0,0.0,0.0,0.0,0.0,0.0,0.0,6.16,6.19,6.16,6.19,17.43,15.19,17.43,15.19,18.95,18.66,18.95,18.66
2023-03-30T19:12:05Z,-77,36849,15760,60.0,58.0,995.85,0.02,2040.72,2249.98,1547.51,1663.96,173.13,190.72,0.0,0.0,0.0,0.0,0.0,0.0,28.79,30.63,22.6,23.39,39.74,42.43,33.15,34.65,41.74,44.59,38.68,41.09
2023-03-30T19:14:04Z,-78,36968,15760,60.0,58.0,995.88,0.02,690.7,748.44,543.0,548.58,53.72,55.33,0.0,0.0,0.0,0.0,0.0,0.0,5.76,5.76,5.76,5.76,12.48,13.98,12.48,13.98,14.67,16.38,14.67,16.38
2023-03-30T19:16:04Z,-80,37088,15760,61.0,58.0,995.87,0.02,555.52,620.98,439.48,483.94,46.63,57.38,0.0,0.0,0.0,0.0,0.0,0.0,4.48,4.91,4.48,4.91,9.59,10.02,9.59,10.02,10.67,14.45,10.67,14.45
2023-03-30T19:18:05Z,-77,37209,15760,60.0,58.0,995.9,0.02,662.59,662.53,525.91,511.64,67.87,57.62,0.0,0.0,0.0,0.0,0.0,0.0,5.89,4.83,5.89,4.83,13.91,11.7,13.91,11.7,16.35,16.66,16.35,16.66
2023-03-30T19:20:05Z,-79,37329,15760,61.0,58.0,995.85,0.02,644.53,679.04,511.64,514.98,62.53,63.58,0.0,0.0,0.0,0.0,0.0,0.0,5.32,5.53,5.32,5.53,15.0,13.53,15.0,13.53,17.51,16.67,17.51,16.67
2023-03-30T19:22:05Z,-77,37449,15760,60.0,58.0,995.8,0.02,575.31,672.48,449.24,513.0,48.09,53.27,0.0,0.0,0.0,0.0,0.0,0.0,3.69,5.31,3.69,5.31,8.73,12.04,8.73,12.04,10.56,13.98,10.56,13.98
2023-03-30T19:24:05Z,-79,37569,15760,60.0,58.0,995.75,0.02,576.8,637.88,452.24,489.75,48.98,53.38,0.0,0.0,0.0,0.0,0.0,0.0,4.22,5.38,4.22,5.38,8.96,8.94,8.96,8.94,11.96,11.73,11.96,11.73
2023-03-30T19:26:05Z,-78,37689,15760,60.0,58.0,995.75,0.02,737.13,817.11,581.04,630.38,64.57,72.89,0.0,0.0,0.0,0.0,0.0,0.0,6.85,8.0,6.85,8.0,15.15,15.91,15.15,15.91,18.13,19.02,18.13,19.02
2023-03-30T19:28:05Z,-77,37809,15760,60.0,58.0,995.71,0.02,805.44,934.63,631.5,714.74,72.67,82.78,0.0,0.0,0.0,0.0,0.0,0.0,6.94,9.54,6.94,9.54,17.31,20.0,17.31,20.0,19.27,21.39,19.27,21.39
2023-03-30T19:30:05Z,-77,37929,15760,60.0,58.0,995.76,0.02,735.23,841.34,572.0,644.55,58.61,72.66,0.0,0.0,0.0,0.0,0.0,0.0,6.91,7.83,6.91,7.83,15.73,17.85,15.73,17.85,17.23,19.36,17.23,19.36
2023-03-30T19:32:05Z,-75,38049,15760,60.0,58.0,995.74,0.02,1199.16,1317.62,923.4,1005.85,122.82,154.3,0.0,0.0,0.0,0.0,0.0,0.0,15.6,17.13,15.33,16.51,24.89,26.94,24.53,25.96,26.82,29.17,26.82,29.17
2023-03-30T19:38:05Z,-78,38409,15928,60.0,57.0,995.81,0.02,831.96,882.91,645.8,672.74,87.22,94.09,0.0,0.0,0.0,0.0,0.0,0.0,9.0,11.04,9.0,11.04,19.04,19.57,19.04,19.57,21.31,21.7,21.31,21.7
2023-03-30T19:40:05Z,-77,38529,15760,60.0,57.0,995.74,0.02,637.93,716.52,504.87,555.19,56.61,63.62,0.0,0.0,0.0,0.0,0.0,0.0,4.3,6.0,4.3,6.0,12.3,14.08,12.3,14.08,14.3,15.88,14.3,15.88
2023-03-30T19:42:05Z,-83,38649,15760,61.0,57.0,995.74,0.02,557.87,605.39,422.41,443.33,35.83,41.22,0.0,0.0,0.0,0.0,0.0,0.0,3.15,3.41,3.15,3.41,7.26,8.0,7.26,8.0,7.41,9.65,7.41,9.65
2023-03-30T19:44:05Z,-79,38769,15760,61.0,57.0,995.72,0.02,388.47,445.02,301.45,339.89,14.7,11.73,0.0,0.0,0.0,0.0,0.0,0.0,1.17,2.31,1.17,2.31,3.89,4.49,3.89,4.49,4.38,5.29,4.38,5.29
2023-03-30T19:46:05Z,-78,38889,15760,60.0,57.0,995.44,0.02,307.15,345.96,242.48,268.28,1.11,9.85,0.0,0.0,0.0,0.0,0.0,0.0,0.0,0.8,0.0,0.8,2.93,2.78,2.93,2.78,3.41,3.35,3.41,3.35
2023-03-30T19:48:05Z,-77,39009,15760,61.0,57.0,995.65,0.02,281.64,337.12,221.11,267.08,3.32,9.25,0.0,0.0,0.0,0.0,0.0,0.0,0.0,0.58,0.0,0.58,1.82,2.75,1.82,2.75,2.57,3.52,2.57,3.52
2023-03-30T19:50:05Z,-80,39129,15760,61.0,57.0,995.64,0.02,349.3,341.93,274.57,262.11,9.65,11.13,0.0,0.0,0.0,0.0,0.0,0.0,0.57,0.91,0.57,0.91,3.2,3.04,3.2,3.04,4.13,3.78,4.13,3.78
2023-03-30T19:52:05Z,-82,39249,15760,61.0,57.0,995.62,0.02,296.91,332.91,238.94,260.82,13.3,11.93,0.0,0.0,0.0,0.0,0.0,0.0,0.0,0.93,0.0,0.93,1.87,3.14,1.87,3.14,3.15,3.89,3.15,3.89
2023-03-30T19:54:05Z,-77,39369,15760,60.0,57.0,995.57,0.02,295.91,330.26,224.06,250.85,2.96,8.52,0.0,0.0,0.0,0.0,0.0,0.0,0.04,0.09,0.04,0.09,2.11,2.7,2.11,2.7,2.77,3.5,2.77,3.5
2023-03-30T19:58:05Z,-78,39609,15928,60.0,57.0,995.58,0.02,287.36,326.38,223.36,243.67,9.29,9.08,0.0,0.0,0.0,0.0,0.0,0.0,0.02,0.25,0.02,0.25,1.84,2.9,1.84,2.9,3.04,3.85,3.04,3.85
2023-03-30T20:00:05Z,-76,39729,15760,61.0,57.0,995.58,0.02,303.26,345.5,237.06,259.05,1.55,5.7,0.0,0.0,0.0,0.0,0.0,0.0,0.0,0.02,0.0,0.02,2.04,2.95,2.04,2.95,3.02,3.34,3.02,3.34
2023-03-30T20:02:05Z,-75,39849,15760,61.0,57.0,995.55,0.02,275.57,313.38,216.38,235.31,7.7,8.38,0.0,0.0,0.0,0.0,0.0,0.0,0.0,0.22,0.0,0.22,1.77,2.53,1.77,2.53,2.15,3.51,2.15,3.51
2023-03-30T20:04:05Z,-78,39969,15760,61.0,57.0,995.56,0.02,277.44,308.19,219.87,242.72,9.42,8.34,0.0,0.0,0.0,0.0,0.0,0.0,0.0,0.0,0.0,0.0,1.96,2.6,1.96,2.6,2.96,4.43,2.96,4.43
2023-03-30T20:06:05Z,-77,40089,15760,61.0,57.0,995.5,0.02,284.27,328.43,218.58,255.57,9.93,9.06,0.0,0.0,0.0,0.0,0.0,0.0,0.0,0.68,0.0,0.68,1.98,2.89,1.98,2.89,3.09,4.74,3.09,4.74
2023-03-30T20:08:05Z,-77,40209,15760,61.0,57.0,995.5,0.02,294.53,343.78,233.53,269.67,10.43,7.93,0.0,0.0,0.0,0.0,0.0,0.0,0.17,0.36,0.17,0.36,2.64,3.67,2.64,3.67,3.49,4.44,3.49,4.44
2023-03-30T20:10:05Z,-82,40329,15760,60.0,57.0,995.49,0.02,273.75,349.04,220.29,260.49,2.29,17.11,0.0,0.0,0.0,0.0,0.0,0.0,0.0,0.62,0.0,0.62,1.25,2.87,1.25,2.87,1.69,4.24,1.69,4.24
2023-03-30T20:12:05Z,-77,40449,15760,60.0,57.0,995.47,0.02,310.93,348.7,243.73,274.3,3.73,12.61,0.0,0.0,0.0,0.0,0.0,0.0,0.0,0.57,0.0,0.57,2.56,3.2,2.56,3.2,3.04,3.91,3.04,3.91
2023-03-30T20:14:05Z,-77,40569,15760,60.0,57.0,995.34,0.02,270.52,300.38,208.55,225.94,4.66,1.7,0.0,0.0,0.0,0.0,0.0,0.0,0.0,0.0,0.0,0.0,2.09,1.57,2.09,1.57,2.34,2.57,2.34,2.57
2023-03-30T20:16:05Z,-77,40689,15760,60.0,57.0,995.32,0.02,255.06,281.2,206.68,210.89,6.09,7.78,0.0,0.0,0.0,0.0,0.0,0.0,0.0,0.0,0.0,0.0,1.45,2.0,1.45,2.0,1.98,3.11,1.98,3.11
2023-03-30T20:18:06Z,-78,40810,15760,61.0,57.0,995.29,0.02,503.04,573.78,397.24,438.54,33.02,42.78,0.0,0.0,0.0,0.0,0.0,0.0,3.5,3.35,3.5,3.35,8.0,9.3,8.0,9.3,9.11,11.57,9.11,11.57
2023-03-30T20:20:05Z,-78,40929,15760,60.0,57.0,995.28,0.02,427.04,459.62,333.78,333.09,17.83,24.23,0.0,0.0,0.0,0.0,0.0,0.0,1.98,1.55,1.98,1.55,5.11,5.0,5.11,5.0,5.67,5.89,5.67,5.89
2023-03-30T20:22:06Z,-78,41050,15760,60.0,57.0,995.28,0.02,305.46,301.67,248.98,233.07,7.85,5.02,0.0,0.0,0.0,0.0,0.0,0.0,0.65,0.62,0.65,0.62,2.6,1.87,2.6,1.87,3.77,2.82,3.77,2.82
2023-03-30T20:24:06Z,-77,41170,15760,60.0,57.0,995.19,0.02,202.8,232.22,149.48,177.2,0.89,3.54,0.0,0.0,0.0,0.0,0.0,0.0,0.57,0.0,0.57,0.0,0.91,1.07,0.91,1.07,1.33,1.78,1.33,1.78
2023-03-30T20:26:05Z,-77,41289,15760,60.0,58.0,995.17,0.02,227.44,227.72,175.47,180.57,6.33,3.23,0.0,0.0,0.0,0.0,0.0,0.0,0.47,0.0,0.47,0.0,1.42,0.62,1.42,0.62,2.29,1.32,2.29,1.32
2023-03-30T20:28:05Z,-78,41409,15760,60.0,58.0,995.12,0.02,236.76,276.33,168.93,210.26,2.44,2.8,0.0,0.0,0.0,0.0,0.0,0.0,0.02,0.0,0.02,0.0,1.13,1.43,1.13,1.43,1.91,1.85,1.91,1.85
2023-03-30T20:30:05Z,-79,41529,15760,60.0,58.0,995.1,0.02,252.6,285.52,202.74,218.76,3.34,5.78,0.0,0.0,0.0,0.0,0.0,0.0,0.0,0.5,0.0,0.5,0.98,1.76,0.98,1.76,1.85,2.43,1.85,2.43
2023-03-30T20:32:05Z,-79,41649,15760,60.0,58.0,995.13,0.02,223.06,258.8,174.89,198.73,0.23,3.84,0.0,0.0,0.0,0.0,0.0,0.0,0.0,0.0,0.0,0.0,0.7,0.84,0.7,0.84,1.51,1.4,1.51,1.4
2023-03-30T20:34:05Z,-76,41769,15760,60.0,58.0,995.02,0.02,233.98,269.13,188.2,212.26,1.82,1.28,0.0,0.0,0.0,0.0,0.0,0.0,0.0,0.0,0.0,0.0,0.93,0.91,0.93,0.91,1.75,2.0,1.75,2.0
2023-03-30T20:36:05Z,-76,41889,15760,60.0,58.0,994.94,0.02,266.48,309.36,206.5,240.51,1.84,2.15,0.0,0.0,0.0,0.0,0.0,0.0,0.0,0.0,0.0,0.0,1.59,2.85,1.59,2.85,1.95,3.47,1.95,3.47
2023-03-30T20:38:05Z,-77,42009,15760,60.0,58.0,994.86,0.02,288.17,316.67,225.19,248.16,2.79,7.73,0.0,0.0,0.0,0.0,0.0,0.0,0.19,0.09,0.19,0.09,2.42,2.4,2.42,2.4,3.15,3.38,3.15,3.38
2023-03-30T20:40:05Z,-78,42129,15760,60.0,58.0,994.85,0.02,298.13,348.73,232.61,267.16,8.33,7.34,0.0,0.0,0.0,0.0,0.0,0.0,0.04,0.0,0.04,0.0,2.35,3.23,2.35,3.23,2.91,4.09,2.91,4.09
2023-03-30T20:42:05Z,-78,42249,15760,59.0,58.0,994.83,0.02,311.17,376.49,239.7,289.98,11.83,19.74,0.0,0.0,0.0,0.0,0.0,0.0,0.0,0.79,0.0,0.79,3.0,4.51,3.0,4.51,4.0,5.55,4.0,5.55
2023-03-30T20:44:05Z,-77,42369,15760,60.0,58.0,994.82,0.02,340.28,379.28,274.83,305.32,17.07,18.4,0.0,0.0,0.0,0.0,0.0,0.0,0.02,1.0,0.02,1.0,3.46,4.3,3.46,4.3,4.3,5.32,4.3,5.32
2023-03-30T20:46:05Z,-75,42489,15760,60.0,58.0,994.8,0.02,383.17,418.61,298.85,318.83,22.43,20.54,0.0,0.0,0.0,0.0,0.0,0.0,0.3,0.39,0.3,0.39,4.24,4.61,4.24,4.61,5.61,6.28,5.61,6.28
2023-03-30T20:48:06Z,-77,42610,15760,60.0,58.0,994.73,0.02,430.55,503.38,340.49,377.56,25.91,30.16,0.0,0.0,0.0,0.0,0.0,0.0,2.26,2.91,2.26,2.91,5.81,6.24,5.81,6.24,6.15,6.82,6.15,6.82
2023-03-30T20:50:05Z,-78,42729,15760,60.0,58.0,994.71,0.02,419.58,471.61,328.73,361.3,20.24,22.96,0.0,0.0,0.0,0.0,0.0,0.0,2.16,2.74,2.16,2.74,4.6,5.67,4.6,5.67,5.22,6.72,5.22,6.72
2023-03-30T20:52:05Z,-75,42849,15760,60.0,58.0,994.7,0.02,388.24,414.28,294.2,308.0,8.47,15.98,0.0,0.0,0.0,0.0,0.0,0.0,1.73,2.0,1.73,2.0,3.69,4.53,3.69,4.53,4.51,5.28,4.51,5.28
2023-03-30T20:54:05Z,-79,42969,15760,60.0,58.0,994.69,0.02,389.24,425.72,300.39,326.0,12.5,19.77,0.0,0.0,0.0,0.0,0.0,0.0,0.83,1.6,0.83,1.6,4.26,4.6,4.26,4.6,4.54,5.47,4.54,5.47
2023-03-30T20:56:05Z,-78,43089,15760,60.0,58.0,994.65,0.02,621.06,690.78,492.17,551.13,60.47,74.16,0.0,0.0,0.0,0.0,0.0,0.0,4.55,5.96,4.55,5.96,11.87,13.82,11.87,13.82,14.3,16.11,14.3,16.11
2023-03-30T20:58:05Z,-77,43209,15760,60.0,58.0,994.64,0.02,536.51,617.6,417.98,489.62,49.55,62.55,0.0,0.0,0.0,0.0,0.0,0.0,3.13,4.21,3.13,4.21,7.96,12.98,7.96,12.98,9.09,16.0,9.09,16.0
2023-03-30T21:00:05Z,-77,43329,15760,60.0,58.0,994.62,0.02,438.57,463.96,350.32,362.28,28.73,28.38,0.0,0.0,0.0,0.0,0.0,0.0,2.16,1.77,2.16,1.77,5.64,5.94,5.64,5.94,7.25,7.32,7.25,7.32
2023-03-30T21:02:06Z,-78,43450,15760,60.0,58.0,994.61,0.02,429.22,462.0,333.87,353.45,30.93,32.72,0.0,0.0,0.0,0.0,0.0,0.0,2.52,2.51,2.52,2.51,5.7,5.81,5.7,5.81,6.59,7.62,6.59,7.62
2023-03-30T21:04:05Z,-78,43569,15760,60.0,58.0,994.63,0.02,358.04,375.07,279.09,288.64,19.83,17.05,0.0,0.0,0.0,0.0,0.0,0.0,0.91,0.23,0.91,0.23,3.79,4.27,3.79,4.27,4.28,5.0,4.28,5.0
2023-03-30T21:06:05Z,-78,43689,15760,60.0,58.0,994.6,0.02,342.68,384.33,274.66,300.98,18.72,14.44,0.0,0.0,0.0,0.0,0.0,0.0,0.6,0.64,0.6,0.64,3.6,3.73,3.6,3.73,4.09,4.87,4.09,4.87
2023-03-30T21:08:05Z,-77,43809,15760,60.0,58.0,994.56,0.02,285.34,305.92,220.84,242.81,3.91,10.67,0.0,0.0,0.0,0.0,0.0,0.0,0.57,0.08,0.57,0.08,2.39,2.5,2.39,2.5,3.16,3.42,3.16,3.42
2023-03-30T21:10:05Z,-75,43929,15760,60.0,57.0,994.47,0.02,214.59,232.25,163.93,169.1,1.04,1.71,0.0,0.0,0.0,0.0,0.0,0.0,0.0,0.0,0.0,0.0,0.72,0.4,0.72,0.4,1.0,1.1,1.0,1.1
2023-03-30T21:12:05Z,-78,44049,15760,60.0,57.0,994.44,0.02,198.28,213.91,134.98,152.7,5.64,1.47,0.0,0.0,0.0,0.0,0.0,0.0,0.0,0.0,0.0,0.0,0.55,0.4,0.55,0.4,1.72,1.3,1.72,1.3
2023-03-30T21:14:05Z,-78,44169,15760,60.0,57.0,994.38,0.02,194.32,208.45,121.62,138.82,0.89,0.52,0.0,0.0,0.0,0.0,0.0,0.0,0.0,0.0,0.0,0.0,0.02,0.55,0.02,0.55,0.49,1.39,0.49,1.39
2023-03-30T21:16:05Z,-79,44289,15760,61.0,57.0,994.33,0.02,187.58,217.04,109.51,148.4,0.13,1.73,0.0,0.0,0.0,0.0,0.0,0.0,0.0,0.0,0.0,0.0,0.18,0.53,0.18,0.53,0.4,1.4,0.4,1.4
2023-03-30T21:18:06Z,-78,44410,15760,61.0,57.0,994.3,0.02,187.98,211.91,120.52,140.74,0.41,1.83,0.0,0.0,0.0,0.0,0.0,0.0,0.0,0.0,0.0,0.0,0.33,0.7,0.33,0.7,0.78,0.77,0.78,0.77
2023-03-30T21:20:06Z,-78,44530,15760,61.0,57.0,994.39,0.02,189.11,202.54,126.28,128.26,1.15,0.24,0.0,0.0,0.0,0.0,0.0,0.0,0.0,0.0,0.0,0.0,0.43,0.0,0.43,0.0,0.93,0.35,0.93,0.35
2023-03-30T21:22:06Z,-78,44650,15760,61.0,57.0,994.31,0.02,219.14,249.2,171.14,204.35,4.32,4.17,0.0,0.0,0.0,0.0,0.0,0.0,0.0,0.0,0.0,0.0,1.45,1.33,1.45,1.33,1.86,2.8,1.86,2.8
2023-03-30T21:24:06Z,-77,44770,15760,61.0,56.0,993.01,0.02,269.74,295.68,212.59,229.57,5.0,6.26,0.0,0.09,0.0,0.0,0.0,0.0,0.0,0.0,0.0,0.0,2.2,2.66,2.2,2.66,2.3,3.45,2.3,3.45
2023-03-30T21:26:06Z,-76,44890,15760,61.0,57.0,994.23,0.02,264.04,295.75,214.23,226.84,10.04,9.25,0.0,0.0,0.0,0.0,0.0,0.0,0.0,0.0,0.0,0.0,1.91,2.5,1.91,2.5,2.96,3.89,2.96,3.89
2023-03-30T21:28:06Z,-76,45010,15760,61.0,57.0,994.22,0.02,249.49,264.04,194.49,215.69,2.49,4.09,0.0,0.0,0.0,0.0,0.0,0.0,0.0,0.0,0.0,0.0,0.81,2.07,0.81,2.07,1.53,2.98,1.53,2.98
2023-03-30T21:30:06Z,-78,45130,15760,61.0,57.0,994.18,0.02,253.29,272.83,197.56,209.48,8.13,11.81,0.0,0.0,0.0,0.0,0.0,0.0,0.0,0.0,0.0,0.0,1.04,1.98,1.04,1.98,2.49,2.83,2.49,2.83
2023-03-30T21:32:06Z,-78,45250,15760,61.0,57.0,994.1,0.02,219.72,220.15,164.33,150.34,5.33,0.81,0.0,0.0,0.0,0.0,0.0,0.0,0.0,0.0,0.0,0.0,1.11,0.26,1.11,0.26,1.91,1.15,1.91,1.15
2023-03-30T21:34:06Z,-81,45370,15760,61.0,57.0,994.09,0.02,247.83,250.98,204.47,192.91,3.89,2.23,0.0,0.0,0.0,0.0,0.0,0.0,0.11,0.0,0.11,0.0,1.45,0.8,1.45,0.8,2.17,1.82,2.17,1.82
2023-03-30T21:36:06Z,-78,45490,15760,61.0,57.0,994.07,0.02,258.85,283.47,207.57,219.33,3.3,7.16,0.0,0.0,0.0,0.0,0.0,0.0,0.0,0.0,0.0,0.0,1.48,2.09,1.48,2.09,2.24,3.38,2.24,3.38
2023-03-30T21:38:06Z,-77,45610,15760,61.0,57.0,994.08,0.02,258.49,313.43,209.44,241.94,6.13,13.81,0.0,0.0,0.0,0.0,0.0,0.0,0.0,0.13,0.0,0.13,1.6,2.7,1.6,2.7,2.04,3.57,2.04,3.57
2023-03-30T21:40:06Z,-78,45730,15760,61.0,57.0,994.08,0.02,280.27,312.13,223.13,243.96,6.07,6.23,0.0,0.0,0.0,0.0,0.0,0.0,0.0,0.45,0.0,0.45,2.56,2.77,2.56,2.77,3.24,3.7,3.24,3.7
2023-03-30T21:42:06Z,-78,45850,15760,61.0,57.0,994.05,0.02,235.1,278.91,189.33,222.62,7.71,3.0,0.0,0.0,0.0,0.0,0.0,0.0,0.0,0.0,0.0,0.0,1.38,1.6,1.38,1.6,2.08,2.44,2.08,2.44
2023-03-30T21:48:06Z,-77,46210,15928,62.0,56.0,994.01,0.02,205.38,230.81,134.8,167.0,0.36,4.04,0.0,0.0,0.0,0.0,0.0,0.0,0.0,0.0,0.0,0.0,0.18,0.96,0.18,0.96,0.76,1.79,0.76,1.79
2023-03-30T21:50:06Z,-78,46330,15760,62.0,56.0,993.94,0.02,189.13,225.47,140.52,160.53,0.35,1.58,0.0,0.0,0.0,0.0,0.0,0.0,0.0,0.0,0.0,0.0,0.48,0.11,0.48,0.11,0.54,0.98,0.54,0.98
2023-03-30T21:52:06Z,-75,46450,15760,62.0,56.0,993.91,0.02,200.17,234.4,127.54,178.58,1.48,0.0,0.0,0.0,0.0,0.0,0.0,0.0,0.0,0.0,0.0,0.0,0.17,0.02,0.17,0.02,0.41,0.67,0.41,0.67
2023-03-30T21:54:06Z,-76,46570,15760,62.0,56.0,993.88,0.02,186.02,224.13,120.28,166.94,0.0,0.34,0.0,0.0,0.0,0.0,0.0,0.0,0.0,0.0,0.0,0.0,0.13,0.17,0.13,0.17,0.19,1.23,0.19,1.23
2023-03-30T21:56:09Z,-78,46693,15928,62.0,56.0,993.86,0.02,193.31,210.94,121.53,138.68,1.16,1.34,0.0,0.0,0.0,0.0,0.0,0.0,0.0,0.0,0.0,0.0,0.51,0.17,0.51,0.17,0.84,0.49,0.84,0.49
2023-03-30T21:58:06Z,-75,46810,15760,62.0,56.0,993.81,0.02,191.43,207.64,119.02,136.85,0.61,2.38,0.0,0.0,0.0,0.0,0.0,0.0,0.0,0.0,0.0,0.0,0.07,0.36,0.07,0.36,0.24,1.06,0.24,1.06
2023-03-30T22:00:06Z,-77,46930,15760,62.0,56.0,993.82,0.02,206.63,203.27,135.61,127.32,0.3,0.0,0.0,0.0,0.0,0.0,0.0,0.0,0.0,0.0,0.0,0.0,0.07,0.0,0.07,0.0,0.3,0.84,0.3,0.84
2023-03-30T22:02:06Z,-77,47050,15760,62.0,56.0,993.75,0.02,202.39,221.61,141.93,148.37,0.78,0.33,0.0,0.0,0.0,0.0,0.0,0.0,0.0,0.0,0.0,0.0,0.2,0.39,0.2,0.39,0.28,1.04,0.28,1.04
2023-03-30T22:04:06Z,-80,47170,15760,62.0,56.0,993.65,0.02,188.5,203.06,112.68,124.51,0.82,0.0,0.0,0.0,0.0,0.0,0.0,0.0,0.0,0.0,0.0,0.0,0.2,0.49,0.2,0.49,0.64,1.09,0.64,1.09
2023-03-30T22:06:06Z,-80,47290,15760,62.0,56.0,993.57,0.02,220.96,220.0,144.62,160.47,0.68,0.09,0.0,0.0,0.0,0.0,0.0,0.0,0.0,0.0,0.0,0.0,0.51,0.02,0.51,0.02,1.13,0.98,1.13,0.98
2023-03-30T22:08:08Z,-75,47412,15928,63.0,55.0,993.16,0.02,232.46,235.04,164.52,188.8,2.17,4.36,0.0,0.0,0.0,0.0,0.0,0.0,0.0,0.0,0.0,0.0,1.26,0.76,1.26,0.76,1.78,1.24,1.78,1.24
2023-03-30T22:10:06Z,-75,47530,15760,63.0,56.0,993.48,0.02,236.23,241.54,186.89,193.7,3.23,2.26,0.0,0.0,0.0,0.0,0.0,0.0,0.0,0.0,0.0,0.0,1.17,0.83,1.17,0.83,1.79,1.57,1.79,1.57
2023-03-30T22:12:06Z,-76,47650,15760,63.0,56.0,993.46,0.02,248.65,241.17,195.65,185.08,2.78,1.67,0.0,0.0,0.0,0.0,0.0,0.0,0.0,0.0,0.0,0.0,0.52,0.75,0.52,0.75,1.89,1.42,1.89,1.42
